2025-08-11 19:15:55,023 - INFO - Connected to binance
2025-08-11 19:17:10,177 - ERROR - ❌ Database connection failed: connection to server at "crypto-scanner-db-do-user-24043773-0.h.db.ondigitalocean.com" (128.199.202.109), port 25060 failed: Operation timed out
	Is the server running on that host and accepting TCP/IP connections?

2025-08-11 19:17:10,179 - INFO - ✅ Database logger initialized
2025-08-11 19:17:10,179 - INFO - Starting continuous scanner (interval: 900s)
2025-08-11 19:17:10,180 - INFO - Starting scan of top 500 symbols...
2025-08-11 19:17:10,180 - WARNING - ⚠️ Database not connected - running in offline mode
2025-08-11 19:17:10,180 - WARNING - Results will not be saved to database
2025-08-11 19:17:10,180 - INFO - 📝 Running without database logging (offline mode)
2025-08-11 19:17:12,153 - INFO - Scanning 337 symbols
2025-08-11 19:17:12,154 - INFO - Progress: 0/337 symbols scanned
2025-08-11 19:17:12,598 - INFO - 🔧 Enriching data for BTC/USDT
2025-08-11 19:17:14,977 - INFO - 📊 Found setup for BTC/USDT: Quality=100, R/R=1.3966850088299396
2025-08-11 19:17:16,068 - INFO - 🔧 Enriching data for SOL/USDT
2025-08-11 19:17:16,821 - INFO - 📊 Found setup for SOL/USDT: Quality=82.5, R/R=7.564104098831704
2025-08-11 19:17:17,227 - INFO - 🔧 Enriching data for XRP/USDT
2025-08-11 19:17:17,976 - INFO - 📊 Found setup for XRP/USDT: Quality=100, R/R=0.31204063146997996
2025-08-11 19:17:18,815 - INFO - Progress: 10/337 symbols scanned
2025-08-11 19:17:19,720 - INFO - 🔧 Enriching data for TREE/USDT
2025-08-11 19:17:20,481 - INFO - 📊 Found setup for TREE/USDT: Quality=100, R/R=1.6336577350859522
2025-08-11 19:17:20,924 - INFO - 🔧 Enriching data for ADA/USDT
2025-08-11 19:17:21,757 - INFO - 📊 Found setup for ADA/USDT: Quality=99.00000000000001, R/R=9.413412506709596
2025-08-11 19:17:23,303 - INFO - 🔧 Enriching data for UNI/USDT
2025-08-11 19:17:24,060 - INFO - Progress: 20/337 symbols scanned
2025-08-11 19:17:24,473 - INFO - 🔧 Enriching data for ZRO/USDT
2025-08-11 19:17:25,262 - INFO - 📊 Found setup for ZRO/USDT: Quality=100.0, R/R=7.706521739130431
2025-08-11 19:17:25,858 - INFO - 🔧 Enriching data for AVAX/USDT
2025-08-11 19:17:27,487 - INFO - 🔧 Enriching data for ARB/USDT
2025-08-11 19:17:28,250 - INFO - 📊 Found setup for ARB/USDT: Quality=100, R/R=5.083867688457921
2025-08-11 19:17:29,133 - INFO - 🔧 Enriching data for TRUMP/USDT
2025-08-11 19:17:29,982 - INFO - 📊 Found setup for TRUMP/USDT: Quality=90.0, R/R=2.719882246376815
2025-08-11 19:17:30,652 - INFO - 🔧 Enriching data for AAVE/USDT
2025-08-11 19:17:31,418 - INFO - 📊 Found setup for AAVE/USDT: Quality=81.0, R/R=8.032419918925402
2025-08-11 19:17:31,418 - INFO - Progress: 30/337 symbols scanned
2025-08-11 19:17:33,582 - INFO - Progress: 40/337 symbols scanned
2025-08-11 19:17:34,629 - INFO - 🔧 Enriching data for DOT/USDT
2025-08-11 19:17:35,809 - INFO - 🔧 Enriching data for PNUT/USDT
2025-08-11 19:17:36,581 - INFO - 📊 Found setup for PNUT/USDT: Quality=100, R/R=1.0366977225672833
2025-08-11 19:17:37,405 - INFO - 🔧 Enriching data for SHIB/USDT
2025-08-11 19:17:38,225 - INFO - 📊 Found setup for SHIB/USDT: Quality=100, R/R=1.672154731457801
2025-08-11 19:17:38,647 - INFO - Progress: 50/337 symbols scanned
2025-08-11 19:17:39,043 - INFO - 🔧 Enriching data for CFX/USDT
2025-08-11 19:17:39,805 - INFO - 📊 Found setup for CFX/USDT: Quality=100, R/R=0.14060758082497238
2025-08-11 19:17:41,741 - INFO - Progress: 60/337 symbols scanned
2025-08-11 19:17:42,635 - INFO - 🔧 Enriching data for RAY/USDT
2025-08-11 19:17:43,483 - INFO - 📊 Found setup for RAY/USDT: Quality=100, R/R=0.19407433380084096
2025-08-11 19:17:44,334 - INFO - 🔧 Enriching data for GMX/USDT
2025-08-11 19:17:45,107 - INFO - 📊 Found setup for GMX/USDT: Quality=95.0, R/R=11.29444875776397
2025-08-11 19:17:45,989 - INFO - Progress: 70/337 symbols scanned
2025-08-11 19:17:47,128 - INFO - 🔧 Enriching data for CAKE/USDT
2025-08-11 19:17:47,879 - INFO - 📊 Found setup for CAKE/USDT: Quality=75.0, R/R=7.374670619235727
2025-08-11 19:17:48,751 - INFO - 🔧 Enriching data for EIGEN/USDT
2025-08-11 19:17:49,513 - INFO - 📊 Found setup for EIGEN/USDT: Quality=90.0, R/R=3.438957151858853
2025-08-11 19:17:50,156 - INFO - Progress: 80/337 symbols scanned
2025-08-11 19:17:51,273 - INFO - 🔧 Enriching data for VET/USDT
2025-08-11 19:17:52,066 - INFO - 📊 Found setup for VET/USDT: Quality=90.0, R/R=4.64346227621487
2025-08-11 19:17:52,721 - INFO - 🔧 Enriching data for RUNE/USDT
2025-08-11 19:17:53,476 - INFO - 📊 Found setup for RUNE/USDT: Quality=80.0, R/R=11.133346273291814
2025-08-11 19:17:54,075 - INFO - 🔧 Enriching data for ACT/USDT
2025-08-11 19:17:54,837 - INFO - 📊 Found setup for ACT/USDT: Quality=100.0, R/R=1.2864906832298135
2025-08-11 19:17:55,283 - INFO - Progress: 90/337 symbols scanned
2025-08-11 19:17:56,437 - INFO - 🔧 Enriching data for WBTC/USDT
2025-08-11 19:17:57,641 - INFO - 📊 Found setup for WBTC/USDT: Quality=100, R/R=1.131007349108053
2025-08-11 19:17:58,627 - INFO - 🔧 Enriching data for SANTOS/USDT
2025-08-11 19:17:59,422 - INFO - 📊 Found setup for SANTOS/USDT: Quality=95.0, R/R=15.54112589227773
2025-08-11 19:18:00,261 - INFO - Progress: 100/337 symbols scanned
2025-08-11 19:18:02,365 - INFO - Progress: 110/337 symbols scanned
2025-08-11 19:18:03,187 - INFO - 🔧 Enriching data for OMNI/USDT
2025-08-11 19:18:03,963 - INFO - 📊 Found setup for OMNI/USDT: Quality=85.0, R/R=1.2065217391304348
2025-08-11 19:18:05,722 - INFO - 🔧 Enriching data for USUAL/USDT
2025-08-11 19:18:06,513 - INFO - 📊 Found setup for USUAL/USDT: Quality=100, R/R=0.6656427221172029
2025-08-11 19:18:06,514 - INFO - Progress: 120/337 symbols scanned
2025-08-11 19:18:07,556 - INFO - 🔧 Enriching data for THETA/USDT
2025-08-11 19:18:08,308 - INFO - 📊 Found setup for THETA/USDT: Quality=90.0, R/R=10.469120553359536
2025-08-11 19:18:08,711 - INFO - 🔧 Enriching data for HFT/USDT
2025-08-11 19:18:09,479 - INFO - 📊 Found setup for HFT/USDT: Quality=90.0, R/R=0.8294030950626367
2025-08-11 19:18:10,750 - INFO - 🔧 Enriching data for MOVR/USDT
2025-08-11 19:18:11,521 - INFO - 📊 Found setup for MOVR/USDT: Quality=95.0, R/R=10.027587991718422
2025-08-11 19:18:11,522 - INFO - Progress: 130/337 symbols scanned
2025-08-11 19:18:13,813 - INFO - 🔧 Enriching data for COW/USDT
2025-08-11 19:18:14,599 - INFO - 📊 Found setup for COW/USDT: Quality=100, R/R=0.1283485062522884
2025-08-11 19:18:14,599 - INFO - Progress: 140/337 symbols scanned
2025-08-11 19:18:15,239 - INFO - 🔧 Enriching data for APE/USDT
2025-08-11 19:18:16,036 - INFO - 📊 Found setup for APE/USDT: Quality=80.0, R/R=15.609967622571709
2025-08-11 19:18:16,677 - INFO - 🔧 Enriching data for BAR/USDT
2025-08-11 19:18:17,441 - INFO - 📊 Found setup for BAR/USDT: Quality=100, R/R=0.24788647342994752
2025-08-11 19:18:18,732 - INFO - 🔧 Enriching data for BERA/USDT
2025-08-11 19:18:19,488 - INFO - 📊 Found setup for BERA/USDT: Quality=100, R/R=1.064064558629781
2025-08-11 19:18:19,687 - INFO - Progress: 150/337 symbols scanned
2025-08-11 19:18:20,500 - INFO - 🔧 Enriching data for SIGN/USDT
2025-08-11 19:18:21,248 - INFO - 📊 Found setup for SIGN/USDT: Quality=95.0, R/R=1.1106719367589006
2025-08-11 19:18:22,523 - INFO - 🔧 Enriching data for SAND/USDT
2025-08-11 19:18:23,299 - INFO - 📊 Found setup for SAND/USDT: Quality=80.0, R/R=16.34992588932815
2025-08-11 19:18:23,735 - INFO - 🔧 Enriching data for LAZIO/USDT
2025-08-11 19:18:24,547 - INFO - 📊 Found setup for LAZIO/USDT: Quality=95.0, R/R=3.8353024574669083
2025-08-11 19:18:24,749 - INFO - Progress: 160/337 symbols scanned
2025-08-11 19:18:25,171 - INFO - 🔧 Enriching data for PYTH/USDT
2025-08-11 19:18:25,939 - INFO - 📊 Found setup for PYTH/USDT: Quality=90.0, R/R=9.954580745341481
2025-08-11 19:18:28,573 - INFO - Progress: 170/337 symbols scanned
2025-08-11 19:18:28,963 - INFO - 🔧 Enriching data for LA/USDT
2025-08-11 19:18:29,746 - INFO - 📊 Found setup for LA/USDT: Quality=80.0, R/R=3.981744704570866
2025-08-11 19:18:30,635 - INFO - 🔧 Enriching data for RVN/USDT
2025-08-11 19:18:31,392 - INFO - 📊 Found setup for RVN/USDT: Quality=85.0, R/R=7.295289855072437
2025-08-11 19:18:32,668 - INFO - 🔧 Enriching data for NOT/USDT
2025-08-11 19:18:33,418 - INFO - 📊 Found setup for NOT/USDT: Quality=100, R/R=1.5143365817091987
2025-08-11 19:18:33,648 - INFO - Progress: 180/337 symbols scanned
2025-08-11 19:18:34,728 - INFO - 🔧 Enriching data for RDNT/USDT
2025-08-11 19:18:35,572 - INFO - 📊 Found setup for RDNT/USDT: Quality=95.0, R/R=8.533288043478219
2025-08-11 19:18:36,273 - INFO - 🔧 Enriching data for BNSOL/USDT
2025-08-11 19:18:37,028 - INFO - 📊 Found setup for BNSOL/USDT: Quality=90.0, R/R=8.370923913043601
2025-08-11 19:18:37,893 - INFO - Progress: 190/337 symbols scanned
2025-08-11 19:18:38,652 - INFO - 🔧 Enriching data for CHZ/USDT
2025-08-11 19:18:41,366 - INFO - 🔧 Enriching data for IMX/USDT
2025-08-11 19:18:42,157 - INFO - 📊 Found setup for IMX/USDT: Quality=97.5, R/R=5.383361204013429
2025-08-11 19:18:42,158 - INFO - Progress: 200/337 symbols scanned
2025-08-11 19:18:43,742 - INFO - 🔧 Enriching data for PORTO/USDT
2025-08-11 19:18:44,526 - INFO - 📊 Found setup for PORTO/USDT: Quality=75.0, R/R=13.446920289855134
2025-08-11 19:18:44,941 - INFO - 🔧 Enriching data for BICO/USDT
2025-08-11 19:18:45,707 - INFO - 📊 Found setup for BICO/USDT: Quality=100, R/R=0.7232986767485807
2025-08-11 19:18:46,389 - INFO - Progress: 210/337 symbols scanned
2025-08-11 19:18:47,023 - INFO - 🔧 Enriching data for MASK/USDT
2025-08-11 19:18:47,790 - INFO - 📊 Found setup for MASK/USDT: Quality=90.0, R/R=6.59646739130433
2025-08-11 19:18:48,630 - INFO - 🔧 Enriching data for PORTAL/USDT
2025-08-11 19:18:49,415 - INFO - 📊 Found setup for PORTAL/USDT: Quality=100, R/R=0.6510869565217373
2025-08-11 19:18:50,510 - INFO - Progress: 220/337 symbols scanned
2025-08-11 19:18:51,792 - INFO - 🔧 Enriching data for MANA/USDT
2025-08-11 19:18:52,568 - INFO - 📊 Found setup for MANA/USDT: Quality=96.0, R/R=4.758548460145005
2025-08-11 19:18:53,416 - INFO - 🔧 Enriching data for RED/USDT
2025-08-11 19:18:54,203 - INFO - 📊 Found setup for RED/USDT: Quality=80.0, R/R=5.895153985507165
2025-08-11 19:18:54,650 - INFO - Progress: 230/337 symbols scanned
2025-08-11 19:18:56,786 - INFO - Progress: 240/337 symbols scanned
2025-08-11 19:18:58,197 - INFO - 🔧 Enriching data for AXS/USDT
2025-08-11 19:18:58,946 - INFO - 📊 Found setup for AXS/USDT: Quality=96.0, R/R=5.330663615560723
2025-08-11 19:18:59,978 - INFO - 🔧 Enriching data for CELO/USDT
2025-08-11 19:19:00,751 - INFO - 📊 Found setup for CELO/USDT: Quality=100, R/R=3.7407461809635967
2025-08-11 19:19:01,389 - INFO - Progress: 250/337 symbols scanned
2025-08-11 19:19:01,794 - INFO - 🔧 Enriching data for AUCTION/USDT
2025-08-11 19:19:02,551 - INFO - 📊 Found setup for AUCTION/USDT: Quality=75.0, R/R=7.720526755852858
2025-08-11 19:19:02,960 - INFO - 🔧 Enriching data for NXPC/USDT
2025-08-11 19:19:03,727 - INFO - 📊 Found setup for NXPC/USDT: Quality=100, R/R=0.9681919642857286
2025-08-11 19:19:05,572 - INFO - Progress: 260/337 symbols scanned
2025-08-11 19:19:05,988 - INFO - 🔧 Enriching data for ANKR/USDT
2025-08-11 19:19:06,764 - INFO - 📊 Found setup for ANKR/USDT: Quality=80.0, R/R=10.177898550724299
2025-08-11 19:19:07,413 - INFO - 🔧 Enriching data for VANA/USDT
2025-08-11 19:19:08,178 - INFO - 📊 Found setup for VANA/USDT: Quality=90.0, R/R=6.178871090770511
2025-08-11 19:19:08,630 - INFO - 🔧 Enriching data for LAYER/USDT
2025-08-11 19:19:09,389 - INFO - 📊 Found setup for LAYER/USDT: Quality=95.0, R/R=5.413730634682606
2025-08-11 19:19:10,448 - INFO - 🔧 Enriching data for C98/USDT
2025-08-11 19:19:11,200 - INFO - 📊 Found setup for C98/USDT: Quality=75.0, R/R=8.403985507246366
2025-08-11 19:19:11,622 - INFO - Progress: 270/337 symbols scanned
2025-08-11 19:19:12,272 - INFO - 🔧 Enriching data for PYR/USDT
2025-08-11 19:19:13,023 - INFO - 📊 Found setup for PYR/USDT: Quality=100.0, R/R=4.605978260869596
2025-08-11 19:19:13,625 - INFO - 🔧 Enriching data for ANIME/USDT
2025-08-11 19:19:14,380 - INFO - 📊 Found setup for ANIME/USDT: Quality=75.0, R/R=7.198493083003974
2025-08-11 19:19:15,648 - INFO - 🔧 Enriching data for BAKE/USDT
2025-08-11 19:19:16,405 - INFO - 📊 Found setup for BAKE/USDT: Quality=90.0, R/R=4.883831521739137
2025-08-11 19:19:16,605 - INFO - Progress: 280/337 symbols scanned
2025-08-11 19:19:17,603 - INFO - 🔧 Enriching data for SLP/USDT
2025-08-11 19:19:18,412 - INFO - 📊 Found setup for SLP/USDT: Quality=100, R/R=0.8900936289281094
2025-08-11 19:19:19,076 - INFO - 🔧 Enriching data for KNC/USDT
2025-08-11 19:19:19,853 - INFO - 📊 Found setup for KNC/USDT: Quality=100, R/R=0.5647590361445733
2025-08-11 19:19:20,496 - INFO - 🔧 Enriching data for SNX/USDT
2025-08-11 19:19:21,884 - INFO - 🔧 Enriching data for ZRX/USDT
2025-08-11 19:19:22,657 - INFO - 📊 Found setup for ZRX/USDT: Quality=90.0, R/R=6.02820211515854
2025-08-11 19:19:22,658 - INFO - Progress: 290/337 symbols scanned
2025-08-11 19:19:23,088 - INFO - 🔧 Enriching data for ME/USDT
2025-08-11 19:19:23,853 - INFO - 📊 Found setup for ME/USDT: Quality=75.0, R/R=3.721127717391299
2025-08-11 19:19:24,724 - INFO - 🔧 Enriching data for EGLD/USDT
2025-08-11 19:19:25,489 - INFO - 📊 Found setup for EGLD/USDT: Quality=95.0, R/R=7.955931001890317
2025-08-11 19:19:26,364 - INFO - 🔧 Enriching data for LUNA/USDT
2025-08-11 19:19:27,540 - INFO - 📊 Found setup for LUNA/USDT: Quality=75.0, R/R=3.938611660079086
2025-08-11 19:19:28,456 - INFO - Progress: 300/337 symbols scanned
2025-08-11 19:19:29,222 - INFO - 🔧 Enriching data for CTK/USDT
2025-08-11 19:19:30,036 - INFO - 📊 Found setup for CTK/USDT: Quality=100, R/R=0.37175938428301314
2025-08-11 19:19:30,952 - INFO - 🔧 Enriching data for HIFI/USDT
2025-08-11 19:19:31,922 - INFO - 📊 Found setup for HIFI/USDT: Quality=100.0, R/R=4.416485507246345
2025-08-11 19:19:32,570 - INFO - 🔧 Enriching data for ZIL/USDT
2025-08-11 19:19:33,367 - INFO - 📊 Found setup for ZIL/USDT: Quality=100, R/R=1.8179347826086871
2025-08-11 19:19:34,000 - INFO - 🔧 Enriching data for API3/USDT
2025-08-11 19:19:34,789 - INFO - 📊 Found setup for API3/USDT: Quality=75.0, R/R=10.253057065217389
2025-08-11 19:19:35,008 - INFO - Progress: 310/337 symbols scanned
2025-08-11 19:19:36,112 - INFO - 🔧 Enriching data for TLM/USDT
2025-08-11 19:19:36,882 - INFO - 📊 Found setup for TLM/USDT: Quality=100, R/R=1.5581521739130515
2025-08-11 19:19:37,328 - INFO - 🔧 Enriching data for HOT/USDT
2025-08-11 19:19:38,136 - INFO - 📊 Found setup for HOT/USDT: Quality=100, R/R=1.6665969899665616
2025-08-11 19:19:38,585 - INFO - 🔧 Enriching data for FLOW/USDT
2025-08-11 19:19:40,067 - INFO - 🔧 Enriching data for JOE/USDT
2025-08-11 19:19:40,821 - INFO - 📊 Found setup for JOE/USDT: Quality=75.0, R/R=8.790121483376131
2025-08-11 19:19:41,571 - INFO - Progress: 320/337 symbols scanned
2025-08-11 19:19:42,046 - INFO - 🔧 Enriching data for BIGTIME/USDT
2025-08-11 19:19:42,851 - INFO - 📊 Found setup for BIGTIME/USDT: Quality=90.0, R/R=4.746035805626566
2025-08-11 19:19:43,754 - INFO - 🔧 Enriching data for GPS/USDT
2025-08-11 19:19:44,514 - INFO - 📊 Found setup for GPS/USDT: Quality=100, R/R=1.585144927536232
2025-08-11 19:19:45,802 - INFO - 🔧 Enriching data for ADX/USDT
2025-08-11 19:19:46,575 - INFO - 📊 Found setup for ADX/USDT: Quality=90.0, R/R=5.1890732265446005
2025-08-11 19:19:46,797 - INFO - Progress: 330/337 symbols scanned
2025-08-11 19:19:47,444 - INFO - 🔧 Enriching data for CHR/USDT
2025-08-11 19:19:48,198 - INFO - 📊 Found setup for CHR/USDT: Quality=75.0, R/R=8.253849637681151
2025-08-11 19:19:48,618 - INFO - 🔧 Enriching data for ACE/USDT
2025-08-11 19:19:49,435 - INFO - 📊 Found setup for ACE/USDT: Quality=95.0, R/R=2.9066205533596325
2025-08-11 19:19:50,113 - INFO - 🔧 Enriching data for GLMR/USDT
2025-08-11 19:19:50,876 - INFO - 📊 Found setup for GLMR/USDT: Quality=75.0, R/R=6.182065217391364
2025-08-11 19:19:51,329 - INFO - 🔧 Enriching data for GAS/USDT
2025-08-11 19:19:52,105 - INFO - 📊 Found setup for GAS/USDT: Quality=100, R/R=0.1509661835748841
2025-08-11 19:19:52,323 - INFO - Found 77 setups, showing top 20
2025-08-11 19:19:52,323 - INFO - 
🟢 LONG Signal: ZRO/USDT
━━━━━━━━━━━━━━━━━━━━━━━━

📊 FVG ZONE:
- Gap High: $2.4060
- Gap Low: $2.3100
- Entry (Midpoint): $2.3580

📈 MARKET STRUCTURE:
- Swing High: $1.7920
- Swing Low: $1.7130
- Swing Range: 4.6%

💹 CURRENT STATUS:
- Price Now: $2.3300
- Distance to Entry: 1.2%
- Action: Set limit buy order at entry

🛑 RISK MANAGEMENT:
- Stop Loss: $2.2873 (-3.0%)
- Risk/Reward: 7.7:1

🎯 SMART FIBONACCI TARGETS:
- T1: $1.8135 (+23.1%) [127.2%] - Exit 50%
- T2: $1.8408 (+21.9%) [161.8%] - Exit 30%
- T3: $1.8710 (+20.7%) [200%+] - Exit 20%

📈 SETUP QUALITY:
- FVG Score: 100/100
- Fib Confluence: 0/100
- Final Score: 100/100
- Gap Size: 4.2%
- FVG Age: 2 bars
- Volume Surge: Yes ✅
- Category: Others

💡 Strategy: R21 FVG + Smart Fibonacci
⏰ Time: 2025-08-11 19:17

2025-08-11 19:19:52,323 - INFO - 
🟢 LONG Signal: ARB/USDT
━━━━━━━━━━━━━━━━━━━━━━━━

📊 FVG ZONE:
- Gap High: $0.4542
- Gap Low: $0.4403
- Entry (Midpoint): $0.4473

📈 MARKET STRUCTURE:
- Swing High: $0.3932
- Swing Low: $0.3857
- Swing Range: 1.9%

💹 CURRENT STATUS:
- Price Now: $0.4495
- Distance to Entry: -0.5%
- Action: Enter LONG now (at FVG midpoint)

🛑 RISK MANAGEMENT:
- Stop Loss: $0.4370 (-2.3%)
- Risk/Reward: 5.1:1

🎯 SMART FIBONACCI TARGETS:
- T1: $0.3952 (+11.6%) [127.2%] - Exit 50%
- T2: $0.3978 (+11.0%) [161.8%] - Exit 30%
- T3: $0.4007 (+10.4%) [200%+] - Exit 20%

📈 SETUP QUALITY:
- FVG Score: 90/100
- Fib Confluence: 0/100
- Final Score: 100/100
- Gap Size: 3.2%
- FVG Age: 13 bars
- Volume Surge: Yes ✅
- Category: Layer 2/Scaling

💡 Strategy: R21 FVG + Smart Fibonacci
⏰ Time: 2025-08-11 19:17

2025-08-11 19:19:52,323 - INFO - 
🔴 SHORT Signal: PYR/USDT
━━━━━━━━━━━━━━━━━━━━━━━━

📊 FVG ZONE:
- Gap High: $1.1740
- Gap Low: $1.1650
- Entry (Midpoint): $1.1695

📈 MARKET STRUCTURE:
- Swing High: $1.1600
- Swing Low: $1.1050
- Swing Range: 5.0%

💹 CURRENT STATUS:
- Price Now: $1.1530
- Distance to Entry: 1.4%
- Action: Wait for rally to entry

🛑 RISK MANAGEMENT:
- Stop Loss: $1.1761 (-0.6%)
- Risk/Reward: 4.6:1

🎯 SMART FIBONACCI TARGETS:
- T1: $1.1390 (+2.6%) [38.2%] - Exit 50%
- T2: $1.1325 (+3.2%) [50%] - Exit 30%
- T3: $1.1168 (+4.5%) [78.6%] - Exit 20%

📈 SETUP QUALITY:
- FVG Score: 80/100
- Fib Confluence: 20/100
- Final Score: 100/100
- Gap Size: 0.8%
- FVG Age: 0 bars
- Volume Surge: Yes ✅
- Category: Others

💡 Strategy: R21 FVG + Smart Fibonacci
⏰ Time: 2025-08-11 19:19

2025-08-11 19:19:52,323 - INFO - 
🔴 SHORT Signal: HIFI/USDT
━━━━━━━━━━━━━━━━━━━━━━━━

📊 FVG ZONE:
- Gap High: $0.0843
- Gap Low: $0.0828
- Entry (Midpoint): $0.0835

📈 MARKET STRUCTURE:
- Swing High: $0.0794
- Swing Low: $0.0775
- Swing Range: 2.5%

💹 CURRENT STATUS:
- Price Now: $0.0825
- Distance to Entry: 1.3%
- Action: Wait for rally to entry

🛑 RISK MANAGEMENT:
- Stop Loss: $0.0847 (-1.3%)
- Risk/Reward: 4.4:1

🎯 SMART FIBONACCI TARGETS:
- T1: $0.0787 (+5.8%) [38.2%] - Exit 50%
- T2: $0.0784 (+6.1%) [50%] - Exit 30%
- T3: $0.0779 (+6.8%) [78.6%] - Exit 20%

📈 SETUP QUALITY:
- FVG Score: 100/100
- Fib Confluence: 0/100
- Final Score: 100/100
- Gap Size: 1.8%
- FVG Age: 0 bars
- Volume Surge: Yes ✅
- Category: Others

💡 Strategy: R21 FVG + Smart Fibonacci
⏰ Time: 2025-08-11 19:19

2025-08-11 19:19:52,323 - INFO - 
🔴 SHORT Signal: CELO/USDT
━━━━━━━━━━━━━━━━━━━━━━━━

📊 FVG ZONE:
- Gap High: $0.3575
- Gap Low: $0.3538
- Entry (Midpoint): $0.3557

📈 MARKET STRUCTURE:
- Swing High: $0.3693
- Swing Low: $0.3069
- Swing Range: 20.3%

💹 CURRENT STATUS:
- Price Now: $0.3497
- Distance to Entry: 1.7%
- Action: Wait for rally to entry

🛑 RISK MANAGEMENT:
- Stop Loss: $0.3584 (-0.8%)
- Risk/Reward: 3.7:1

🎯 SMART FIBONACCI TARGETS:
- T1: $0.3455 (+2.9%) [38.2%] - Exit 50%
- T2: $0.3381 (+4.9%) [50%] - Exit 30%
- T3: $0.3203 (+10.0%) [78.6%] - Exit 20%

📈 SETUP QUALITY:
- FVG Score: 90/100
- Fib Confluence: 30/100
- Final Score: 100/100
- Gap Size: 1.0%
- FVG Age: 0 bars
- Volume Surge: Yes ✅
- Category: Others

💡 Strategy: R21 FVG + Smart Fibonacci
⏰ Time: 2025-08-11 19:18

2025-08-11 19:19:52,324 - INFO - 
🔴 SHORT Signal: ZIL/USDT
━━━━━━━━━━━━━━━━━━━━━━━━

📊 FVG ZONE:
- Gap High: $0.0119
- Gap Low: $0.0116
- Entry (Midpoint): $0.0117

📈 MARKET STRUCTURE:
- Swing High: $0.0115
- Swing Low: $0.0116
- Swing Range: 1.4%

💹 CURRENT STATUS:
- Price Now: $0.0115
- Distance to Entry: 2.0%
- Action: Wait for rally to entry

🛑 RISK MANAGEMENT:
- Stop Loss: $0.0119 (-1.5%)
- Risk/Reward: 1.8:1

🎯 SMART FIBONACCI TARGETS:
- T1: $0.0114 (+2.7%) [23.6%] - Exit 50%
- T2: $0.0114 (+2.9%) [23.6%] - Exit 30%
- T3: $0.0114 (+3.3%) [23.6%] - Exit 20%

📈 SETUP QUALITY:
- FVG Score: 100/100
- Fib Confluence: 20/100
- Final Score: 100/100
- Gap Size: 2.1%
- FVG Age: 0 bars
- Volume Surge: Yes ✅
- Category: Others

💡 Strategy: R21 FVG + Smart Fibonacci
⏰ Time: 2025-08-11 19:19

2025-08-11 19:19:52,324 - INFO - 
🔴 SHORT Signal: SHIB/USDT
━━━━━━━━━━━━━━━━━━━━━━━━

📊 FVG ZONE:
- Gap High: $0.0000
- Gap Low: $0.0000
- Entry (Midpoint): $0.0000

📈 MARKET STRUCTURE:
- Swing High: $0.0000
- Swing Low: $0.0000
- Swing Range: 18.6%

💹 CURRENT STATUS:
- Price Now: $0.0000
- Distance to Entry: 2.0%
- Action: Wait for rally to entry

🛑 RISK MANAGEMENT:
- Stop Loss: $0.0000 (-0.9%)
- Risk/Reward: 1.7:1

🎯 SMART FIBONACCI TARGETS:
- T1: $0.0000 (+1.6%) [38.2%] - Exit 50%
- T2: $0.0000 (+3.5%) [50%] - Exit 30%
- T3: $0.0000 (+8.2%) [78.6%] - Exit 20%

📈 SETUP QUALITY:
- FVG Score: 90/100
- Fib Confluence: 30/100
- Final Score: 100/100
- Gap Size: 1.3%
- FVG Age: 0 bars
- Volume Surge: Yes ✅
- Category: Meme/Community

💡 Strategy: R21 FVG + Smart Fibonacci
⏰ Time: 2025-08-11 19:17

2025-08-11 19:19:52,324 - INFO - 
🔴 SHORT Signal: HOT/USDT
━━━━━━━━━━━━━━━━━━━━━━━━

📊 FVG ZONE:
- Gap High: $0.0010
- Gap Low: $0.0010
- Entry (Midpoint): $0.0010

📈 MARKET STRUCTURE:
- Swing High: $0.0011
- Swing Low: $0.0009
- Swing Range: 16.7%

💹 CURRENT STATUS:
- Price Now: $0.0010
- Distance to Entry: 1.6%
- Action: Wait for rally to entry

🛑 RISK MANAGEMENT:
- Stop Loss: $0.0010 (-0.9%)
- Risk/Reward: 1.7:1

🎯 SMART FIBONACCI TARGETS:
- T1: $0.0010 (+1.6%) [38.2%] - Exit 50%
- T2: $0.0010 (+3.3%) [50%] - Exit 30%
- T3: $0.0009 (+7.6%) [78.6%] - Exit 20%

📈 SETUP QUALITY:
- FVG Score: 75/100
- Fib Confluence: 30/100
- Final Score: 100/100
- Gap Size: 1.3%
- FVG Age: 0 bars
- Volume Surge: Yes ✅
- Category: Others

💡 Strategy: R21 FVG + Smart Fibonacci
⏰ Time: 2025-08-11 19:19

2025-08-11 19:19:52,324 - INFO - 
🔴 SHORT Signal: TREE/USDT
━━━━━━━━━━━━━━━━━━━━━━━━

📊 FVG ZONE:
- Gap High: $0.4254
- Gap Low: $0.4168
- Entry (Midpoint): $0.4211

📈 MARKET STRUCTURE:
- Swing High: $0.4116
- Swing Low: $0.4138
- Swing Range: 0.5%

💹 CURRENT STATUS:
- Price Now: $0.4144
- Distance to Entry: 1.6%
- Action: Wait for rally to entry

🛑 RISK MANAGEMENT:
- Stop Loss: $0.4274 (-1.5%)
- Risk/Reward: 1.6:1

🎯 SMART FIBONACCI TARGETS:
- T1: $0.4108 (+2.5%) [23.6%] - Exit 50%
- T2: $0.4105 (+2.5%) [23.6%] - Exit 30%
- T3: $0.4099 (+2.7%) [23.6%] - Exit 20%

📈 SETUP QUALITY:
- FVG Score: 100/100
- Fib Confluence: 20/100
- Final Score: 100/100
- Gap Size: 2.1%
- FVG Age: 0 bars
- Volume Surge: Yes ✅
- Category: Others

💡 Strategy: R21 FVG + Smart Fibonacci
⏰ Time: 2025-08-11 19:17

2025-08-11 19:19:52,324 - INFO - 
🔴 SHORT Signal: GPS/USDT
━━━━━━━━━━━━━━━━━━━━━━━━

📊 FVG ZONE:
- Gap High: $0.0173
- Gap Low: $0.0169
- Entry (Midpoint): $0.0171

📈 MARKET STRUCTURE:
- Swing High: $0.0193
- Swing Low: $0.0165
- Swing Range: 16.8%

💹 CURRENT STATUS:
- Price Now: $0.0168
- Distance to Entry: 2.0%
- Action: Wait for rally to entry

🛑 RISK MANAGEMENT:
- Stop Loss: $0.0174 (-2.1%)
- Risk/Reward: 1.6:1

🎯 SMART FIBONACCI TARGETS:
- T1: $0.0165 (+3.3%) [100%] - Exit 50%
- T2: $0.0158 (+7.7%) [127.2%] - Exit 30%
- T3: $0.0138 (+19.5%) [200%+] - Exit 20%

📈 SETUP QUALITY:
- FVG Score: 85/100
- Fib Confluence: 30/100
- Final Score: 100/100
- Gap Size: 2.8%
- FVG Age: 0 bars
- Volume Surge: Yes ✅
- Category: Others

💡 Strategy: R21 FVG + Smart Fibonacci
⏰ Time: 2025-08-11 19:19

2025-08-11 19:19:52,324 - INFO - 
🔴 SHORT Signal: TLM/USDT
━━━━━━━━━━━━━━━━━━━━━━━━

📊 FVG ZONE:
- Gap High: $0.0051
- Gap Low: $0.0051
- Entry (Midpoint): $0.0051

📈 MARKET STRUCTURE:
- Swing High: $0.0054
- Swing Low: $0.0045
- Swing Range: 19.4%

💹 CURRENT STATUS:
- Price Now: $0.0050
- Distance to Entry: 1.9%
- Action: Wait for rally to entry

🛑 RISK MANAGEMENT:
- Stop Loss: $0.0051 (-0.7%)
- Risk/Reward: 1.6:1

🎯 SMART FIBONACCI TARGETS:
- T1: $0.0050 (+1.1%) [38.2%] - Exit 50%
- T2: $0.0049 (+3.1%) [50%] - Exit 30%
- T3: $0.0047 (+8.0%) [78.6%] - Exit 20%

📈 SETUP QUALITY:
- FVG Score: 80/100
- Fib Confluence: 30/100
- Final Score: 100/100
- Gap Size: 1.0%
- FVG Age: 0 bars
- Volume Surge: Yes ✅
- Category: Others

💡 Strategy: R21 FVG + Smart Fibonacci
⏰ Time: 2025-08-11 19:19

2025-08-11 19:19:52,324 - INFO - 
🔴 SHORT Signal: NOT/USDT
━━━━━━━━━━━━━━━━━━━━━━━━

📊 FVG ZONE:
- Gap High: $0.0022
- Gap Low: $0.0022
- Entry (Midpoint): $0.0022

📈 MARKET STRUCTURE:
- Swing High: $0.0024
- Swing Low: $0.0019
- Swing Range: 21.7%

💹 CURRENT STATUS:
- Price Now: $0.0022
- Distance to Entry: 2.0%
- Action: Wait for rally to entry

🛑 RISK MANAGEMENT:
- Stop Loss: $0.0023 (-1.0%)
- Risk/Reward: 1.5:1

🎯 SMART FIBONACCI TARGETS:
- T1: $0.0022 (+1.4%) [38.2%] - Exit 50%
- T2: $0.0022 (+3.7%) [50%] - Exit 30%
- T3: $0.0020 (+9.1%) [78.6%] - Exit 20%

📈 SETUP QUALITY:
- FVG Score: 75/100
- Fib Confluence: 30/100
- Final Score: 100/100
- Gap Size: 1.3%
- FVG Age: 0 bars
- Volume Surge: Yes ✅
- Category: Others

💡 Strategy: R21 FVG + Smart Fibonacci
⏰ Time: 2025-08-11 19:18

2025-08-11 19:19:52,324 - INFO - 
🟢 LONG Signal: BTC/USDT
━━━━━━━━━━━━━━━━━━━━━━━━

📊 FVG ZONE:
- Gap High: $121466.0800
- Gap Low: $119311.1100
- Entry (Midpoint): $120388.5950

📈 MARKET STRUCTURE:
- Swing High: $117630.0000
- Swing Low: $115632.3100
- Swing Range: 1.7%

💹 CURRENT STATUS:
- Price Now: $120027.9600
- Distance to Entry: 0.3%
- Action: Enter LONG now (at FVG midpoint)

🛑 RISK MANAGEMENT:
- Stop Loss: $118802.5371 (-1.3%)
- Risk/Reward: 1.4:1

🎯 SMART FIBONACCI TARGETS:
- T1: $118173.3717 (+1.8%) [127.2%] - Exit 50%
- T2: $118864.5724 (+1.3%) [161.8%] - Exit 30%
- T3: $119627.6900 (+0.6%) [200%+] - Exit 20%

📈 SETUP QUALITY:
- FVG Score: 100/100
- Fib Confluence: 20/100
- Final Score: 100/100
- Gap Size: 1.8%
- FVG Age: 2 bars
- Volume Surge: Yes ✅
- Category: Major Cryptos

💡 Strategy: R21 FVG + Smart Fibonacci
⏰ Time: 2025-08-11 19:17

2025-08-11 19:19:52,324 - INFO - 
🟢 LONG Signal: ACT/USDT
━━━━━━━━━━━━━━━━━━━━━━━━

📊 FVG ZONE:
- Gap High: $0.0441
- Gap Low: $0.0420
- Entry (Midpoint): $0.0431

📈 MARKET STRUCTURE:
- Swing High: $0.0403
- Swing Low: $0.0375
- Swing Range: 7.5%

💹 CURRENT STATUS:
- Price Now: $0.0434
- Distance to Entry: -0.8%
- Action: Enter LONG now (at FVG midpoint)

🛑 RISK MANAGEMENT:
- Stop Loss: $0.0415 (-3.6%)
- Risk/Reward: 1.3:1

🎯 SMART FIBONACCI TARGETS:
- T1: $0.0411 (+4.6%) [127.2%] - Exit 50%
- T2: $0.0420 (+2.4%) [161.8%] - Exit 30%
- T3: $0.0431 (+0.1%) [200%+] - Exit 20%

📈 SETUP QUALITY:
- FVG Score: 100/100
- Fib Confluence: 0/100
- Final Score: 100/100
- Gap Size: 5.0%
- FVG Age: 4 bars
- Volume Surge: Yes ✅
- Category: Others

💡 Strategy: R21 FVG + Smart Fibonacci
⏰ Time: 2025-08-11 19:17

2025-08-11 19:19:52,324 - INFO - 
🟢 LONG Signal: WBTC/USDT
━━━━━━━━━━━━━━━━━━━━━━━━

📊 FVG ZONE:
- Gap High: $121277.7800
- Gap Low: $119174.3600
- Entry (Midpoint): $120226.0700

📈 MARKET STRUCTURE:
- Swing High: $117832.5300
- Swing Low: $115470.0000
- Swing Range: 2.0%

💹 CURRENT STATUS:
- Price Now: $119870.3300
- Distance to Entry: 0.3%
- Action: Enter LONG now (at FVG midpoint)

🛑 RISK MANAGEMENT:
- Stop Loss: $118677.9529 (-1.3%)
- Risk/Reward: 1.1:1

🎯 SMART FIBONACCI TARGETS:
- T1: $118475.1382 (+1.5%) [127.2%] - Exit 50%
- T2: $119292.5735 (+0.8%) [161.8%] - Exit 30%
- T3: $120195.0600 (+0.0%) [200%+] - Exit 20%

📈 SETUP QUALITY:
- FVG Score: 85/100
- Fib Confluence: 20/100
- Final Score: 100/100
- Gap Size: 1.8%
- FVG Age: 2 bars
- Volume Surge: Yes ✅
- Category: Others

💡 Strategy: R21 FVG + Smart Fibonacci
⏰ Time: 2025-08-11 19:17

2025-08-11 19:19:52,324 - INFO - 
🟢 LONG Signal: BERA/USDT
━━━━━━━━━━━━━━━━━━━━━━━━

📊 FVG ZONE:
- Gap High: $1.9820
- Gap Low: $1.9490
- Entry (Midpoint): $1.9655

📈 MARKET STRUCTURE:
- Swing High: $1.9130
- Swing Low: $1.8150
- Swing Range: 5.4%

💹 CURRENT STATUS:
- Price Now: $1.9980
- Distance to Entry: -1.6%
- Action: Wait for pullback to entry

🛑 RISK MANAGEMENT:
- Stop Loss: $1.9412 (-1.2%)
- Risk/Reward: 1.1:1

🎯 SMART FIBONACCI TARGETS:
- T1: $1.9397 (+1.3%) [127.2%] - Exit 50%
- T2: $1.9736 (+0.4%) [161.8%] - Exit 30%
- T3: $2.0110 (+2.3%) [200%+] - Exit 20%

📈 SETUP QUALITY:
- FVG Score: 90/100
- Fib Confluence: 20/100
- Final Score: 100/100
- Gap Size: 1.7%
- FVG Age: 17 bars
- Volume Surge: Yes ✅
- Category: Others

💡 Strategy: R21 FVG + Smart Fibonacci
⏰ Time: 2025-08-11 19:18

2025-08-11 19:19:52,324 - INFO - 
🟢 LONG Signal: PNUT/USDT
━━━━━━━━━━━━━━━━━━━━━━━━

📊 FVG ZONE:
- Gap High: $0.2505
- Gap Low: $0.2400
- Entry (Midpoint): $0.2452

📈 MARKET STRUCTURE:
- Swing High: $0.2346
- Swing Low: $0.2249
- Swing Range: 4.3%

💹 CURRENT STATUS:
- Price Now: $0.2464
- Distance to Entry: -0.5%
- Action: Enter LONG now (at FVG midpoint)

🛑 RISK MANAGEMENT:
- Stop Loss: $0.2375 (-3.2%)
- Risk/Reward: 1.0:1

🎯 SMART FIBONACCI TARGETS:
- T1: $0.2372 (+3.3%) [127.2%] - Exit 50%
- T2: $0.2406 (+1.9%) [161.8%] - Exit 30%
- T3: $0.2443 (+0.4%) [200%+] - Exit 20%

📈 SETUP QUALITY:
- FVG Score: 90/100
- Fib Confluence: 20/100
- Final Score: 100/100
- Gap Size: 4.4%
- FVG Age: 13 bars
- Volume Surge: Yes ✅
- Category: Others

💡 Strategy: R21 FVG + Smart Fibonacci
⏰ Time: 2025-08-11 19:17

2025-08-11 19:19:52,324 - INFO - 
🔴 SHORT Signal: NXPC/USDT
━━━━━━━━━━━━━━━━━━━━━━━━

📊 FVG ZONE:
- Gap High: $0.9369
- Gap Low: $0.9257
- Entry (Midpoint): $0.9313

📈 MARKET STRUCTURE:
- Swing High: $0.9407
- Swing Low: $0.8952
- Swing Range: 5.1%

💹 CURRENT STATUS:
- Price Now: $0.9194
- Distance to Entry: 1.3%
- Action: Wait for rally to entry

🛑 RISK MANAGEMENT:
- Stop Loss: $0.9395 (-0.9%)
- Risk/Reward: 1.0:1

🎯 SMART FIBONACCI TARGETS:
- T1: $0.9233 (+0.9%) [38.2%] - Exit 50%
- T2: $0.9180 (+1.4%) [50%] - Exit 30%
- T3: $0.9049 (+2.8%) [78.6%] - Exit 20%

📈 SETUP QUALITY:
- FVG Score: 75/100
- Fib Confluence: 30/100
- Final Score: 100/100
- Gap Size: 1.2%
- FVG Age: 0 bars
- Volume Surge: Yes ✅
- Category: Others

💡 Strategy: R21 FVG + Smart Fibonacci
⏰ Time: 2025-08-11 19:19

2025-08-11 19:19:52,325 - INFO - 
🟢 LONG Signal: SLP/USDT
━━━━━━━━━━━━━━━━━━━━━━━━

📊 FVG ZONE:
- Gap High: $0.0020
- Gap Low: $0.0019
- Entry (Midpoint): $0.0020

📈 MARKET STRUCTURE:
- Swing High: $0.0023
- Swing Low: $0.0016
- Swing Range: 39.0%

💹 CURRENT STATUS:
- Price Now: $0.0020
- Distance to Entry: -1.1%
- Action: Wait for pullback to entry

🛑 RISK MANAGEMENT:
- Stop Loss: $0.0019 (-3.8%)
- Risk/Reward: 0.9:1

🎯 SMART FIBONACCI TARGETS:
- T1: $0.0020 (+3.4%) [61.8%] - Exit 50%
- T2: $0.0021 (+8.8%) [78.6%] - Exit 30%
- T3: $0.0024 (+24.6%) [127.2%] - Exit 20%

📈 SETUP QUALITY:
- FVG Score: 90/100
- Fib Confluence: 30/100
- Final Score: 100/100
- Gap Size: 5.3%
- FVG Age: 13 bars
- Volume Surge: Yes ✅
- Category: Others

💡 Strategy: R21 FVG + Smart Fibonacci
⏰ Time: 2025-08-11 19:19

2025-08-11 19:19:52,325 - INFO - 
🟢 LONG Signal: BICO/USDT
━━━━━━━━━━━━━━━━━━━━━━━━

📊 FVG ZONE:
- Gap High: $0.1152
- Gap Low: $0.1106
- Entry (Midpoint): $0.1129

📈 MARKET STRUCTURE:
- Swing High: $0.1092
- Swing Low: $0.1046
- Swing Range: 4.4%

💹 CURRENT STATUS:
- Price Now: $0.1131
- Distance to Entry: -0.2%
- Action: Enter LONG now (at FVG midpoint)

🛑 RISK MANAGEMENT:
- Stop Loss: $0.1095 (-3.0%)
- Risk/Reward: 0.7:1

🎯 SMART FIBONACCI TARGETS:
- T1: $0.1105 (+2.2%) [127.2%] - Exit 50%
- T2: $0.1120 (+0.8%) [161.8%] - Exit 30%
- T3: $0.1138 (+0.8%) [200%+] - Exit 20%

📈 SETUP QUALITY:
- FVG Score: 90/100
- Fib Confluence: 20/100
- Final Score: 100/100
- Gap Size: 4.2%
- FVG Age: 13 bars
- Volume Surge: Yes ✅
- Category: Others

💡 Strategy: R21 FVG + Smart Fibonacci
⏰ Time: 2025-08-11 19:18

2025-08-11 19:19:52,325 - INFO - Scan complete. Found 77 high-quality setups, displayed 20
2025-08-11 19:19:52,325 - INFO - Performance Stats: {'total_scans': 1, 'setups_found': 77, 'alerts_sent': 40}
2025-08-11 19:19:52,325 - INFO - Next scan in 900 seconds...
2025-08-11 19:34:52,341 - INFO - Starting scan of top 500 symbols...
2025-08-11 19:34:52,341 - WARNING - ⚠️ Database not connected - running in offline mode
2025-08-11 19:34:52,341 - WARNING - Results will not be saved to database
2025-08-11 19:34:52,341 - INFO - 📝 Running without database logging (offline mode)
2025-08-11 19:34:53,004 - INFO - Scanning 336 symbols
2025-08-11 19:34:53,005 - INFO - Progress: 0/336 symbols scanned
2025-08-11 19:34:53,447 - INFO - 🔧 Enriching data for BTC/USDT
2025-08-11 19:34:54,238 - INFO - 📊 Found setup for BTC/USDT: Quality=100, R/R=1.3966850088299396
2025-08-11 19:34:55,264 - INFO - 🔧 Enriching data for SOL/USDT
2025-08-11 19:34:56,094 - INFO - 📊 Found setup for SOL/USDT: Quality=82.5, R/R=7.564104098831704
2025-08-11 19:34:56,494 - INFO - 🔧 Enriching data for XRP/USDT
2025-08-11 19:34:57,316 - INFO - 📊 Found setup for XRP/USDT: Quality=100, R/R=0.31204063146997996
2025-08-11 19:34:58,371 - INFO - Progress: 10/336 symbols scanned
2025-08-11 19:34:59,336 - INFO - 🔧 Enriching data for PEPE/USDT
2025-08-11 19:35:00,222 - INFO - 📊 Found setup for PEPE/USDT: Quality=100, R/R=1.7466787439613665
2025-08-11 19:35:00,807 - INFO - 🔧 Enriching data for ADA/USDT
2025-08-11 19:35:02,056 - INFO - 📊 Found setup for ADA/USDT: Quality=99.00000000000001, R/R=9.413412506709596
2025-08-11 19:35:03,774 - INFO - 🔧 Enriching data for UNI/USDT
2025-08-11 19:35:04,565 - INFO - Progress: 20/336 symbols scanned
2025-08-11 19:35:05,424 - INFO - 🔧 Enriching data for AVAX/USDT
2025-08-11 19:35:06,778 - INFO - 🔧 Enriching data for ARB/USDT
2025-08-11 19:35:07,596 - INFO - 📊 Found setup for ARB/USDT: Quality=100, R/R=5.083867688457921
2025-08-11 19:35:08,416 - INFO - 🔧 Enriching data for TRUMP/USDT
2025-08-11 19:35:09,173 - INFO - 📊 Found setup for TRUMP/USDT: Quality=90.0, R/R=2.719882246376815
2025-08-11 19:35:09,804 - INFO - 🔧 Enriching data for AAVE/USDT
2025-08-11 19:35:10,554 - INFO - 📊 Found setup for AAVE/USDT: Quality=81.0, R/R=8.032419918925402
2025-08-11 19:35:10,554 - INFO - Progress: 30/336 symbols scanned
2025-08-11 19:35:11,590 - INFO - 🔧 Enriching data for WLD/USDT
2025-08-11 19:35:12,386 - INFO - 📊 Found setup for WLD/USDT: Quality=100.0, R/R=4.694352551984933
2025-08-11 19:35:13,635 - INFO - Progress: 40/336 symbols scanned
2025-08-11 19:35:15,034 - INFO - 🔧 Enriching data for DOT/USDT
2025-08-11 19:35:16,589 - INFO - 🔧 Enriching data for PNUT/USDT
2025-08-11 19:35:17,335 - INFO - 📊 Found setup for PNUT/USDT: Quality=100, R/R=1.0366977225672833
2025-08-11 19:35:17,788 - INFO - 🔧 Enriching data for TAO/USDT
2025-08-11 19:35:18,586 - INFO - 📊 Found setup for TAO/USDT: Quality=100.0, R/R=4.0531400966183675
2025-08-11 19:35:19,007 - INFO - 🔧 Enriching data for SHIB/USDT
2025-08-11 19:35:19,782 - INFO - 📊 Found setup for SHIB/USDT: Quality=100, R/R=1.672154731457801
2025-08-11 19:35:20,378 - INFO - 🔧 Enriching data for CFX/USDT
2025-08-11 19:35:21,124 - INFO - 📊 Found setup for CFX/USDT: Quality=100, R/R=0.09571256038647061
2025-08-11 19:35:21,124 - INFO - Progress: 50/336 symbols scanned
2025-08-11 19:35:22,975 - INFO - 🔧 Enriching data for JUV/USDT
2025-08-11 19:35:23,732 - INFO - 📊 Found setup for JUV/USDT: Quality=100.0, R/R=40.01028726708038
2025-08-11 19:35:24,185 - INFO - Progress: 60/336 symbols scanned
2025-08-11 19:35:25,013 - INFO - 🔧 Enriching data for FIL/USDT
2025-08-11 19:35:25,832 - INFO - 📊 Found setup for FIL/USDT: Quality=100.0, R/R=4.408475948196121
2025-08-11 19:35:26,242 - INFO - 🔧 Enriching data for RAY/USDT
2025-08-11 19:35:26,987 - INFO - 📊 Found setup for RAY/USDT: Quality=100, R/R=0.19407433380084096
2025-08-11 19:35:27,456 - INFO - 🔧 Enriching data for ENS/USDT
2025-08-11 19:35:28,681 - INFO - 📊 Found setup for ENS/USDT: Quality=100.0, R/R=1.5515010351967158
2025-08-11 19:35:29,424 - INFO - 🔧 Enriching data for GMX/USDT
2025-08-11 19:35:30,321 - INFO - 📊 Found setup for GMX/USDT: Quality=95.0, R/R=18.662938963210753
2025-08-11 19:35:30,943 - INFO - Progress: 70/336 symbols scanned
2025-08-11 19:35:31,999 - INFO - 🔧 Enriching data for CAKE/USDT
2025-08-11 19:35:32,788 - INFO - 📊 Found setup for CAKE/USDT: Quality=75.0, R/R=7.374670619235727
2025-08-11 19:35:33,841 - INFO - 🔧 Enriching data for EIGEN/USDT
2025-08-11 19:35:34,774 - INFO - 📊 Found setup for EIGEN/USDT: Quality=90.0, R/R=3.438957151858853
2025-08-11 19:35:35,191 - INFO - Progress: 80/336 symbols scanned
2025-08-11 19:35:36,237 - INFO - 🔧 Enriching data for VET/USDT
2025-08-11 19:35:37,171 - INFO - 📊 Found setup for VET/USDT: Quality=90.0, R/R=4.64346227621487
2025-08-11 19:35:38,029 - INFO - 🔧 Enriching data for RUNE/USDT
2025-08-11 19:35:38,812 - INFO - 📊 Found setup for RUNE/USDT: Quality=80.0, R/R=11.133346273291814
2025-08-11 19:35:39,223 - INFO - 🔧 Enriching data for ACT/USDT
2025-08-11 19:35:39,988 - INFO - 📊 Found setup for ACT/USDT: Quality=100.0, R/R=1.2864906832298135
2025-08-11 19:35:40,399 - INFO - 🔧 Enriching data for RENDER/USDT
2025-08-11 19:35:41,147 - INFO - 📊 Found setup for RENDER/USDT: Quality=80.0, R/R=11.617729142185608
2025-08-11 19:35:41,357 - INFO - Progress: 90/336 symbols scanned
2025-08-11 19:35:42,235 - INFO - 🔧 Enriching data for WBTC/USDT
2025-08-11 19:35:43,005 - INFO - 📊 Found setup for WBTC/USDT: Quality=100, R/R=1.131007349108053
2025-08-11 19:35:43,412 - INFO - 🔧 Enriching data for ARKM/USDT
2025-08-11 19:35:44,202 - INFO - 📊 Found setup for ARKM/USDT: Quality=75.0, R/R=6.253493788819815
2025-08-11 19:35:44,641 - INFO - 🔧 Enriching data for HYPER/USDT
2025-08-11 19:35:45,474 - INFO - 📊 Found setup for HYPER/USDT: Quality=100, R/R=0.41207924263673656
2025-08-11 19:35:46,291 - INFO - 🔧 Enriching data for RSR/USDT
2025-08-11 19:35:47,067 - INFO - 📊 Found setup for RSR/USDT: Quality=90.0, R/R=27.74892103580535
2025-08-11 19:35:47,717 - INFO - 🔧 Enriching data for CYBER/USDT
2025-08-11 19:35:48,506 - INFO - 📊 Found setup for CYBER/USDT: Quality=100.0, R/R=3.1137228260869567
2025-08-11 19:35:48,507 - INFO - Progress: 100/336 symbols scanned
2025-08-11 19:35:48,923 - INFO - 🔧 Enriching data for 1INCH/USDT
2025-08-11 19:35:49,730 - INFO - 📊 Found setup for 1INCH/USDT: Quality=100, R/R=0.27870680044592
2025-08-11 19:35:50,464 - INFO - 🔧 Enriching data for AR/USDT
2025-08-11 19:35:51,220 - INFO - 📊 Found setup for AR/USDT: Quality=90.0, R/R=12.403683574879299
2025-08-11 19:35:51,616 - INFO - 🔧 Enriching data for ACH/USDT
2025-08-11 19:35:52,429 - INFO - 📊 Found setup for ACH/USDT: Quality=80.0, R/R=13.555778032036764
2025-08-11 19:35:53,760 - INFO - 🔧 Enriching data for INIT/USDT
2025-08-11 19:35:54,512 - INFO - 📊 Found setup for INIT/USDT: Quality=85.0, R/R=3.5787244245524086
2025-08-11 19:35:54,718 - INFO - Progress: 110/336 symbols scanned
2025-08-11 19:35:55,330 - INFO - 🔧 Enriching data for OMNI/USDT
2025-08-11 19:35:56,118 - INFO - 📊 Found setup for OMNI/USDT: Quality=85.0, R/R=1.2065217391304348
2025-08-11 19:35:57,070 - INFO - 🔧 Enriching data for FARM/USDT
2025-08-11 19:35:57,819 - INFO - 📊 Found setup for FARM/USDT: Quality=75.0, R/R=8.688349184782567
2025-08-11 19:35:58,253 - INFO - 🔧 Enriching data for WCT/USDT
2025-08-11 19:35:59,594 - INFO - 📊 Found setup for WCT/USDT: Quality=85.0, R/R=5.625776397515515
2025-08-11 19:36:00,622 - INFO - 🔧 Enriching data for USUAL/USDT
2025-08-11 19:36:01,421 - INFO - 📊 Found setup for USUAL/USDT: Quality=100, R/R=0.6656427221172029
2025-08-11 19:36:01,421 - INFO - Progress: 120/336 symbols scanned
2025-08-11 19:36:02,119 - INFO - 🔧 Enriching data for COMP/USDT
2025-08-11 19:36:02,881 - INFO - 📊 Found setup for COMP/USDT: Quality=94.5, R/R=9.096963423050441
2025-08-11 19:36:03,506 - INFO - 🔧 Enriching data for THETA/USDT
2025-08-11 19:36:04,275 - INFO - 📊 Found setup for THETA/USDT: Quality=90.0, R/R=10.469120553359536
2025-08-11 19:36:05,354 - INFO - 🔧 Enriching data for HFT/USDT
2025-08-11 19:36:06,129 - INFO - 📊 Found setup for HFT/USDT: Quality=90.0, R/R=0.8294030950626367
2025-08-11 19:36:06,566 - INFO - Progress: 130/336 symbols scanned
2025-08-11 19:36:07,184 - INFO - 🔧 Enriching data for STRK/USDT
2025-08-11 19:36:07,978 - INFO - 📊 Found setup for STRK/USDT: Quality=90.0, R/R=13.058254076086948
2025-08-11 19:36:09,461 - INFO - 🔧 Enriching data for BOME/USDT
2025-08-11 19:36:10,239 - INFO - 📊 Found setup for BOME/USDT: Quality=100, R/R=1.8605072463768033
2025-08-11 19:36:10,713 - INFO - 🔧 Enriching data for MOVR/USDT
2025-08-11 19:36:11,555 - INFO - 📊 Found setup for MOVR/USDT: Quality=95.0, R/R=10.027587991718422
2025-08-11 19:36:11,998 - INFO - 🔧 Enriching data for COW/USDT
2025-08-11 19:36:12,914 - INFO - 📊 Found setup for COW/USDT: Quality=100, R/R=0.1283485062522884
2025-08-11 19:36:12,914 - INFO - Progress: 140/336 symbols scanned
2025-08-11 19:36:13,337 - INFO - 🔧 Enriching data for APE/USDT
2025-08-11 19:36:14,096 - INFO - 📊 Found setup for APE/USDT: Quality=80.0, R/R=15.609967622571709
2025-08-11 19:36:14,816 - INFO - 🔧 Enriching data for ALT/USDT
2025-08-11 19:36:15,632 - INFO - 📊 Found setup for ALT/USDT: Quality=100, R/R=5.373536789297698
2025-08-11 19:36:16,080 - INFO - 🔧 Enriching data for KAITO/USDT
2025-08-11 19:36:16,862 - INFO - 📊 Found setup for KAITO/USDT: Quality=100, R/R=0.4370517705065098
2025-08-11 19:36:17,296 - INFO - 🔧 Enriching data for GRT/USDT
2025-08-11 19:36:18,049 - INFO - 📊 Found setup for GRT/USDT: Quality=100.0, R/R=1.8172554347826022
2025-08-11 19:36:18,650 - INFO - 🔧 Enriching data for BERA/USDT
2025-08-11 19:36:19,480 - INFO - 📊 Found setup for BERA/USDT: Quality=100.0, R/R=6.873188405797013
2025-08-11 19:36:20,098 - INFO - 🔧 Enriching data for TURBO/USDT
2025-08-11 19:36:20,874 - INFO - 📊 Found setup for TURBO/USDT: Quality=85.0, R/R=10.145920639078058
2025-08-11 19:36:21,075 - INFO - Progress: 150/336 symbols scanned
2025-08-11 19:36:21,749 - INFO - 🔧 Enriching data for SIGN/USDT
2025-08-11 19:36:22,513 - INFO - 📊 Found setup for SIGN/USDT: Quality=95.0, R/R=1.1106719367589006
2025-08-11 19:36:23,796 - INFO - 🔧 Enriching data for SAND/USDT
2025-08-11 19:36:24,561 - INFO - 📊 Found setup for SAND/USDT: Quality=80.0, R/R=16.34992588932815
2025-08-11 19:36:25,191 - INFO - 🔧 Enriching data for LAZIO/USDT
2025-08-11 19:36:25,974 - INFO - 📊 Found setup for LAZIO/USDT: Quality=95.0, R/R=3.8353024574669083
2025-08-11 19:36:26,194 - INFO - Progress: 160/336 symbols scanned
2025-08-11 19:36:26,657 - INFO - 🔧 Enriching data for PYTH/USDT
2025-08-11 19:36:27,427 - INFO - 📊 Found setup for PYTH/USDT: Quality=90.0, R/R=9.954580745341481
2025-08-11 19:36:28,089 - INFO - 🔧 Enriching data for LPT/USDT
2025-08-11 19:36:29,028 - INFO - 📊 Found setup for LPT/USDT: Quality=100.0, R/R=4.430625232255686
2025-08-11 19:36:30,177 - INFO - 🔧 Enriching data for ZEN/USDT
2025-08-11 19:36:30,953 - INFO - 📊 Found setup for ZEN/USDT: Quality=90.0, R/R=8.575000000000118
2025-08-11 19:36:31,571 - INFO - Progress: 170/336 symbols scanned
2025-08-11 19:36:31,968 - INFO - 🔧 Enriching data for LA/USDT
2025-08-11 19:36:32,752 - INFO - 📊 Found setup for LA/USDT: Quality=80.0, R/R=3.981744704570866
2025-08-11 19:36:33,182 - INFO - 🔧 Enriching data for XAI/USDT
2025-08-11 19:36:33,963 - INFO - 📊 Found setup for XAI/USDT: Quality=85.0, R/R=6.386888586956533
2025-08-11 19:36:34,397 - INFO - 🔧 Enriching data for RVN/USDT
2025-08-11 19:36:35,321 - INFO - 📊 Found setup for RVN/USDT: Quality=85.0, R/R=7.295289855072437
2025-08-11 19:36:35,731 - INFO - 🔧 Enriching data for TRB/USDT
2025-08-11 19:36:36,544 - INFO - 📊 Found setup for TRB/USDT: Quality=90.0, R/R=7.993967391304305
2025-08-11 19:36:37,794 - INFO - 🔧 Enriching data for NOT/USDT
2025-08-11 19:36:38,633 - INFO - 📊 Found setup for NOT/USDT: Quality=100, R/R=1.5143365817091987
2025-08-11 19:36:38,846 - INFO - Progress: 180/336 symbols scanned
2025-08-11 19:36:39,453 - INFO - 🔧 Enriching data for ROSE/USDT
2025-08-11 19:36:40,220 - INFO - 📊 Found setup for ROSE/USDT: Quality=85.0, R/R=7.826086956521735
2025-08-11 19:36:40,672 - INFO - 🔧 Enriching data for RDNT/USDT
2025-08-11 19:36:41,423 - INFO - 📊 Found setup for RDNT/USDT: Quality=95.0, R/R=8.533288043478219
2025-08-11 19:36:42,128 - INFO - 🔧 Enriching data for JTO/USDT
2025-08-11 19:36:42,949 - INFO - 📊 Found setup for JTO/USDT: Quality=85.0, R/R=4.64504076086962
2025-08-11 19:36:43,354 - INFO - 🔧 Enriching data for BNSOL/USDT
2025-08-11 19:36:44,124 - INFO - 📊 Found setup for BNSOL/USDT: Quality=90.0, R/R=8.370923913043601
2025-08-11 19:36:44,972 - INFO - 🔧 Enriching data for MEME/USDT
2025-08-11 19:36:45,786 - INFO - 📊 Found setup for MEME/USDT: Quality=100, R/R=0.5931677018633699
2025-08-11 19:36:46,007 - INFO - Progress: 190/336 symbols scanned
2025-08-11 19:36:46,421 - INFO - 🔧 Enriching data for CHZ/USDT
2025-08-11 19:36:47,588 - INFO - 🔧 Enriching data for DIA/USDT
2025-08-11 19:36:48,346 - INFO - 📊 Found setup for DIA/USDT: Quality=75.0, R/R=10.270104277129757
2025-08-11 19:36:49,582 - INFO - 🔧 Enriching data for BANANA/USDT
2025-08-11 19:36:50,363 - INFO - 📊 Found setup for BANANA/USDT: Quality=85.0, R/R=12.29483695652146
2025-08-11 19:36:51,239 - INFO - 🔧 Enriching data for PARTI/USDT
2025-08-11 19:36:52,031 - INFO - 📊 Found setup for PARTI/USDT: Quality=95.0, R/R=1.2600334448160484
2025-08-11 19:36:52,031 - INFO - Progress: 200/336 symbols scanned
2025-08-11 19:36:52,667 - INFO - 🔧 Enriching data for KDA/USDT
2025-08-11 19:36:53,443 - INFO - 📊 Found setup for KDA/USDT: Quality=100.0, R/R=3.171892419175013
2025-08-11 19:36:53,859 - INFO - 🔧 Enriching data for SOPH/USDT
2025-08-11 19:36:54,623 - INFO - 📊 Found setup for SOPH/USDT: Quality=100, R/R=0.898492286115016
2025-08-11 19:36:55,364 - INFO - 🔧 Enriching data for GMT/USDT
2025-08-11 19:36:56,124 - INFO - 📊 Found setup for GMT/USDT: Quality=90.0, R/R=6.367391304347811
2025-08-11 19:36:56,529 - INFO - 🔧 Enriching data for PORTO/USDT
2025-08-11 19:36:57,329 - INFO - 📊 Found setup for PORTO/USDT: Quality=75.0, R/R=13.446920289855134
2025-08-11 19:36:57,959 - INFO - 🔧 Enriching data for 1000CAT/USDT
2025-08-11 19:36:59,043 - INFO - 📊 Found setup for 1000CAT/USDT: Quality=100, R/R=0.31075310559005037
2025-08-11 19:36:59,717 - INFO - Progress: 210/336 symbols scanned
2025-08-11 19:37:00,154 - INFO - 🔧 Enriching data for MASK/USDT
2025-08-11 19:37:01,162 - INFO - 📊 Found setup for MASK/USDT: Quality=90.0, R/R=6.59646739130433
2025-08-11 19:37:01,586 - INFO - 🔧 Enriching data for CKB/USDT
2025-08-11 19:37:02,362 - INFO - 📊 Found setup for CKB/USDT: Quality=85.0, R/R=5.298196368848476
2025-08-11 19:37:03,188 - INFO - 🔧 Enriching data for BICO/USDT
2025-08-11 19:37:03,962 - INFO - 📊 Found setup for BICO/USDT: Quality=100, R/R=0.7232986767485807
2025-08-11 19:37:04,993 - INFO - 🔧 Enriching data for MINA/USDT
2025-08-11 19:37:05,749 - INFO - 📊 Found setup for MINA/USDT: Quality=100.0, R/R=5.715579710144884
2025-08-11 19:37:05,954 - INFO - Progress: 220/336 symbols scanned
2025-08-11 19:37:06,355 - INFO - 🔧 Enriching data for NMR/USDT
2025-08-11 19:37:07,141 - INFO - 📊 Found setup for NMR/USDT: Quality=100, R/R=0.21982265446222615
2025-08-11 19:37:08,166 - INFO - 🔧 Enriching data for MANA/USDT
2025-08-11 19:37:08,945 - INFO - 📊 Found setup for MANA/USDT: Quality=96.0, R/R=4.758548460145005
2025-08-11 19:37:09,908 - INFO - 🔧 Enriching data for RED/USDT
2025-08-11 19:37:10,741 - INFO - 📊 Found setup for RED/USDT: Quality=80.0, R/R=5.895153985507165
2025-08-11 19:37:11,176 - INFO - Progress: 230/336 symbols scanned
2025-08-11 19:37:11,795 - INFO - 🔧 Enriching data for SUPER/USDT
2025-08-11 19:37:12,563 - INFO - 📊 Found setup for SUPER/USDT: Quality=100.0, R/R=5.973903101802788
2025-08-11 19:37:12,975 - INFO - 🔧 Enriching data for FIDA/USDT
2025-08-11 19:37:13,738 - INFO - 📊 Found setup for FIDA/USDT: Quality=100, R/R=4.240896739130423
2025-08-11 19:37:14,573 - INFO - 🔧 Enriching data for AI/USDT
2025-08-11 19:37:15,352 - INFO - 📊 Found setup for AI/USDT: Quality=85.0, R/R=5.594979296066226
2025-08-11 19:37:16,041 - INFO - 🔧 Enriching data for 1MBABYDOGE/USDT
2025-08-11 19:37:16,800 - INFO - 📊 Found setup for 1MBABYDOGE/USDT: Quality=100, R/R=0.5958953089244841
2025-08-11 19:37:17,422 - INFO - 🔧 Enriching data for AUCTION/USDT
2025-08-11 19:37:18,169 - INFO - 📊 Found setup for AUCTION/USDT: Quality=90.0, R/R=7.720526755852858
2025-08-11 19:37:18,169 - INFO - Progress: 240/336 symbols scanned
2025-08-11 19:37:18,567 - INFO - 🔧 Enriching data for ENJ/USDT
2025-08-11 19:37:20,168 - INFO - 🔧 Enriching data for AXS/USDT
2025-08-11 19:37:20,977 - INFO - 📊 Found setup for AXS/USDT: Quality=96.0, R/R=5.330663615560723
2025-08-11 19:37:21,606 - INFO - 🔧 Enriching data for DOGS/USDT
2025-08-11 19:37:22,387 - INFO - 📊 Found setup for DOGS/USDT: Quality=100, R/R=1.5234257871064343
2025-08-11 19:37:22,775 - INFO - 🔧 Enriching data for CELO/USDT
2025-08-11 19:37:23,525 - INFO - 📊 Found setup for CELO/USDT: Quality=100, R/R=3.7407461809635967
2025-08-11 19:37:24,419 - INFO - 🔧 Enriching data for NXPC/USDT
2025-08-11 19:37:25,180 - INFO - 📊 Found setup for NXPC/USDT: Quality=100, R/R=0.9681919642857286
2025-08-11 19:37:25,180 - INFO - Progress: 250/336 symbols scanned
2025-08-11 19:37:26,005 - INFO - 🔧 Enriching data for STO/USDT
2025-08-11 19:37:26,770 - INFO - 📊 Found setup for STO/USDT: Quality=100.0, R/R=6.003396739130438
2025-08-11 19:37:28,307 - INFO - 🔧 Enriching data for PIXEL/USDT
2025-08-11 19:37:29,534 - INFO - 📊 Found setup for PIXEL/USDT: Quality=95.0, R/R=6.725901029748167
2025-08-11 19:37:29,741 - INFO - Progress: 260/336 symbols scanned
2025-08-11 19:37:30,337 - INFO - 🔧 Enriching data for ANKR/USDT
2025-08-11 19:37:31,149 - INFO - 📊 Found setup for ANKR/USDT: Quality=80.0, R/R=10.177898550724299
2025-08-11 19:37:31,553 - INFO - 🔧 Enriching data for VANA/USDT
2025-08-11 19:37:32,328 - INFO - 📊 Found setup for VANA/USDT: Quality=90.0, R/R=6.178871090770511
2025-08-11 19:37:32,773 - INFO - 🔧 Enriching data for LAYER/USDT
2025-08-11 19:37:33,562 - INFO - 📊 Found setup for LAYER/USDT: Quality=95.0, R/R=5.413730634682606
2025-08-11 19:37:34,232 - INFO - 🔧 Enriching data for DYM/USDT
2025-08-11 19:37:35,015 - INFO - 📊 Found setup for DYM/USDT: Quality=100.0, R/R=5.472826086956523
2025-08-11 19:37:35,451 - INFO - 🔧 Enriching data for C98/USDT
2025-08-11 19:37:36,237 - INFO - 📊 Found setup for C98/USDT: Quality=75.0, R/R=8.403985507246366
2025-08-11 19:37:36,881 - INFO - Progress: 270/336 symbols scanned
2025-08-11 19:37:37,299 - INFO - 🔧 Enriching data for COTI/USDT
2025-08-11 19:37:38,070 - INFO - 📊 Found setup for COTI/USDT: Quality=100, R/R=1.3761974944731061
2025-08-11 19:37:38,550 - INFO - 🔧 Enriching data for PYR/USDT
2025-08-11 19:37:39,315 - INFO - 📊 Found setup for PYR/USDT: Quality=100.0, R/R=4.605978260869596
2025-08-11 19:37:39,785 - INFO - 🔧 Enriching data for ZEC/USDT
2025-08-11 19:37:40,550 - INFO - 📊 Found setup for ZEC/USDT: Quality=100.0, R/R=3.919984284965887
2025-08-11 19:37:41,038 - INFO - 🔧 Enriching data for ANIME/USDT
2025-08-11 19:37:41,876 - INFO - 📊 Found setup for ANIME/USDT: Quality=75.0, R/R=7.198493083003974
2025-08-11 19:37:42,966 - INFO - 🔧 Enriching data for BAT/USDT
2025-08-11 19:37:43,750 - INFO - 📊 Found setup for BAT/USDT: Quality=100.0, R/R=2.769810659186546
2025-08-11 19:37:44,164 - INFO - 🔧 Enriching data for BAKE/USDT
2025-08-11 19:37:44,930 - INFO - 📊 Found setup for BAKE/USDT: Quality=90.0, R/R=4.883831521739137
2025-08-11 19:37:45,156 - INFO - Progress: 280/336 symbols scanned
2025-08-11 19:37:46,694 - INFO - 🔧 Enriching data for ZRX/USDT
2025-08-11 19:37:47,482 - INFO - 📊 Found setup for ZRX/USDT: Quality=90.0, R/R=6.02820211515854
2025-08-11 19:37:47,928 - INFO - 🔧 Enriching data for ME/USDT
2025-08-11 19:37:48,678 - INFO - 📊 Found setup for ME/USDT: Quality=75.0, R/R=3.721127717391299
2025-08-11 19:37:49,094 - INFO - 🔧 Enriching data for SNX/USDT
2025-08-11 19:37:50,280 - INFO - 🔧 Enriching data for SLP/USDT
2025-08-11 19:37:51,074 - INFO - 📊 Found setup for SLP/USDT: Quality=100, R/R=0.8900936289281094
2025-08-11 19:37:51,317 - INFO - Progress: 290/336 symbols scanned
2025-08-11 19:37:51,733 - INFO - 🔧 Enriching data for KNC/USDT
2025-08-11 19:37:52,540 - INFO - 📊 Found setup for KNC/USDT: Quality=100, R/R=0.5647590361445733
2025-08-11 19:37:53,176 - INFO - 🔧 Enriching data for LUNA/USDT
2025-08-11 19:37:53,925 - INFO - 📊 Found setup for LUNA/USDT: Quality=75.0, R/R=3.938611660079086
2025-08-11 19:37:54,347 - INFO - 🔧 Enriching data for KMNO/USDT
2025-08-11 19:37:55,243 - INFO - 📊 Found setup for KMNO/USDT: Quality=85.0, R/R=2.701109414301124
2025-08-11 19:37:55,651 - INFO - 🔧 Enriching data for EGLD/USDT
2025-08-11 19:37:56,418 - INFO - 📊 Found setup for EGLD/USDT: Quality=95.0, R/R=7.955931001890317
2025-08-11 19:37:57,514 - INFO - Progress: 300/336 symbols scanned
2025-08-11 19:37:58,168 - INFO - 🔧 Enriching data for CTK/USDT
2025-08-11 19:37:59,201 - INFO - 📊 Found setup for CTK/USDT: Quality=100, R/R=0.37175938428301314
2025-08-11 19:37:59,808 - INFO - 🔧 Enriching data for HIFI/USDT
2025-08-11 19:38:00,633 - INFO - 📊 Found setup for HIFI/USDT: Quality=90.0, R/R=6.9644021739130375
2025-08-11 19:38:01,521 - INFO - 🔧 Enriching data for ZIL/USDT
2025-08-11 19:38:02,424 - INFO - 📊 Found setup for ZIL/USDT: Quality=100, R/R=1.8179347826086871
2025-08-11 19:38:03,145 - INFO - 🔧 Enriching data for API3/USDT
2025-08-11 19:38:03,903 - INFO - 📊 Found setup for API3/USDT: Quality=75.0, R/R=10.253057065217389
2025-08-11 19:38:04,345 - INFO - 🔧 Enriching data for SKL/USDT
2025-08-11 19:38:05,133 - INFO - 📊 Found setup for SKL/USDT: Quality=100.0, R/R=3.7617368177613324
2025-08-11 19:38:05,356 - INFO - Progress: 310/336 symbols scanned
2025-08-11 19:38:05,770 - INFO - 🔧 Enriching data for UMA/USDT
2025-08-11 19:38:06,571 - INFO - 📊 Found setup for UMA/USDT: Quality=85.0, R/R=5.822628458497944
2025-08-11 19:38:07,198 - INFO - 🔧 Enriching data for TLM/USDT
2025-08-11 19:38:08,024 - INFO - 📊 Found setup for TLM/USDT: Quality=100, R/R=1.5581521739130515
2025-08-11 19:38:08,442 - INFO - 🔧 Enriching data for NIL/USDT
2025-08-11 19:38:09,225 - INFO - 📊 Found setup for NIL/USDT: Quality=85.0, R/R=4.89463080959519
2025-08-11 19:38:09,634 - INFO - 🔧 Enriching data for HOT/USDT
2025-08-11 19:38:10,442 - INFO - 📊 Found setup for HOT/USDT: Quality=100, R/R=1.6665969899665616
2025-08-11 19:38:10,852 - INFO - 🔧 Enriching data for FLOW/USDT
2025-08-11 19:38:12,326 - INFO - 🔧 Enriching data for TNSR/USDT
2025-08-11 19:38:13,105 - INFO - 📊 Found setup for TNSR/USDT: Quality=90.0, R/R=6.38958810068651
2025-08-11 19:38:13,562 - INFO - 🔧 Enriching data for JOE/USDT
2025-08-11 19:38:14,314 - INFO - 📊 Found setup for JOE/USDT: Quality=75.0, R/R=8.790121483376131
2025-08-11 19:38:14,526 - INFO - Progress: 320/336 symbols scanned
2025-08-11 19:38:15,149 - INFO - 🔧 Enriching data for BIGTIME/USDT
2025-08-11 19:38:15,971 - INFO - 📊 Found setup for BIGTIME/USDT: Quality=90.0, R/R=4.746035805626566
2025-08-11 19:38:16,377 - INFO - 🔧 Enriching data for DEXE/USDT
2025-08-11 19:38:17,224 - INFO - 📊 Found setup for DEXE/USDT: Quality=90.0, R/R=0.9233904682274383
2025-08-11 19:38:17,629 - INFO - 🔧 Enriching data for GPS/USDT
2025-08-11 19:38:18,430 - INFO - 📊 Found setup for GPS/USDT: Quality=100, R/R=1.633325624421816
2025-08-11 19:38:18,848 - INFO - 🔧 Enriching data for HMSTR/USDT
2025-08-11 19:38:19,613 - INFO - 📊 Found setup for HMSTR/USDT: Quality=100, R/R=1.3754180602006785
2025-08-11 19:38:20,686 - INFO - Progress: 330/336 symbols scanned
2025-08-11 19:38:21,087 - INFO - 🔧 Enriching data for ADX/USDT
2025-08-11 19:38:21,848 - INFO - 📊 Found setup for ADX/USDT: Quality=90.0, R/R=5.1890732265446005
2025-08-11 19:38:22,270 - INFO - 🔧 Enriching data for ACE/USDT
2025-08-11 19:38:23,045 - INFO - 📊 Found setup for ACE/USDT: Quality=95.0, R/R=2.9066205533596325
2025-08-11 19:38:23,483 - INFO - 🔧 Enriching data for CHR/USDT
2025-08-11 19:38:24,271 - INFO - 📊 Found setup for CHR/USDT: Quality=75.0, R/R=8.253849637681151
2025-08-11 19:38:24,969 - INFO - 🔧 Enriching data for GLMR/USDT
2025-08-11 19:38:25,885 - INFO - 📊 Found setup for GLMR/USDT: Quality=75.0, R/R=6.182065217391364
2025-08-11 19:38:26,095 - INFO - Found 129 setups, showing top 20
2025-08-11 19:38:26,095 - INFO - 
🔴 SHORT Signal: JUV/USDT
━━━━━━━━━━━━━━━━━━━━━━━━

📊 FVG ZONE:
- Gap High: $1.5080
- Gap Low: $1.4940
- Entry (Midpoint): $1.5010

📈 MARKET STRUCTURE:
- Swing High: $1.1510
- Swing Low: $0.9880
- Swing Range: 16.5%

💹 CURRENT STATUS:
- Price Now: $1.4720
- Distance to Entry: 1.8%
- Action: Wait for rally to entry

🛑 RISK MANAGEMENT:
- Stop Loss: $1.5113 (-0.7%)
- Risk/Reward: 40.0:1

🎯 SMART FIBONACCI TARGETS:
- T1: $1.0887 (+27.5%) [38.2%] - Exit 50%
- T2: $1.0695 (+28.7%) [50%] - Exit 30%
- T3: $1.0229 (+31.9%) [78.6%] - Exit 20%

📈 SETUP QUALITY:
- FVG Score: 100/100
- Fib Confluence: 0/100
- Final Score: 100/100
- Gap Size: 0.9%
- FVG Age: 0 bars
- Volume Surge: Yes ✅
- Category: Others

💡 Strategy: R21 FVG + Smart Fibonacci
⏰ Time: 2025-08-11 19:35

2025-08-11 19:38:26,095 - INFO - 
🔴 SHORT Signal: BERA/USDT
━━━━━━━━━━━━━━━━━━━━━━━━

📊 FVG ZONE:
- Gap High: $2.0590
- Gap Low: $2.0260
- Entry (Midpoint): $2.0425

📈 MARKET STRUCTURE:
- Swing High: $1.9130
- Swing Low: $1.8150
- Swing Range: 5.4%

💹 CURRENT STATUS:
- Price Now: $2.0070
- Distance to Entry: 1.8%
- Action: Wait for rally to entry

🛑 RISK MANAGEMENT:
- Stop Loss: $2.0668 (-1.2%)
- Risk/Reward: 6.9:1

🎯 SMART FIBONACCI TARGETS:
- T1: $1.8756 (+8.2%) [38.2%] - Exit 50%
- T2: $1.8640 (+8.7%) [50%] - Exit 30%
- T3: $1.8360 (+10.1%) [78.6%] - Exit 20%

📈 SETUP QUALITY:
- FVG Score: 100/100
- Fib Confluence: 0/100
- Final Score: 100/100
- Gap Size: 1.6%
- FVG Age: 0 bars
- Volume Surge: Yes ✅
- Category: Others

💡 Strategy: R21 FVG + Smart Fibonacci
⏰ Time: 2025-08-11 19:36

2025-08-11 19:38:26,095 - INFO - 
🔴 SHORT Signal: STO/USDT
━━━━━━━━━━━━━━━━━━━━━━━━

📊 FVG ZONE:
- Gap High: $0.0935
- Gap Low: $0.0927
- Entry (Midpoint): $0.0931

📈 MARKET STRUCTURE:
- Swing High: $0.0901
- Swing Low: $0.0915
- Swing Range: 1.5%

💹 CURRENT STATUS:
- Price Now: $0.0922
- Distance to Entry: 1.0%
- Action: Enter SHORT now (at FVG midpoint)

🛑 RISK MANAGEMENT:
- Stop Loss: $0.0937 (-0.6%)
- Risk/Reward: 6.0:1

🎯 SMART FIBONACCI TARGETS:
- T1: $0.0896 (+3.8%) [23.6%] - Exit 50%
- T2: $0.0894 (+4.0%) [23.6%] - Exit 30%
- T3: $0.0890 (+4.4%) [23.6%] - Exit 20%

📈 SETUP QUALITY:
- FVG Score: 80/100
- Fib Confluence: 20/100
- Final Score: 100/100
- Gap Size: 0.9%
- FVG Age: 0 bars
- Volume Surge: Yes ✅
- Category: Others

💡 Strategy: R21 FVG + Smart Fibonacci
⏰ Time: 2025-08-11 19:37

2025-08-11 19:38:26,095 - INFO - 
🔴 SHORT Signal: SUPER/USDT
━━━━━━━━━━━━━━━━━━━━━━━━

📊 FVG ZONE:
- Gap High: $0.7887
- Gap Low: $0.7723
- Entry (Midpoint): $0.7805

📈 MARKET STRUCTURE:
- Swing High: $0.7163
- Swing Low: $0.6956
- Swing Range: 3.0%

💹 CURRENT STATUS:
- Price Now: $0.7675
- Distance to Entry: 1.7%
- Action: Wait for rally to entry

🛑 RISK MANAGEMENT:
- Stop Loss: $0.7926 (-1.5%)
- Risk/Reward: 6.0:1

🎯 SMART FIBONACCI TARGETS:
- T1: $0.7084 (+9.2%) [38.2%] - Exit 50%
- T2: $0.7060 (+9.6%) [50%] - Exit 30%
- T3: $0.7000 (+10.3%) [78.6%] - Exit 20%

📈 SETUP QUALITY:
- FVG Score: 100/100
- Fib Confluence: 0/100
- Final Score: 100/100
- Gap Size: 2.1%
- FVG Age: 0 bars
- Volume Surge: Yes ✅
- Category: Others

💡 Strategy: R21 FVG + Smart Fibonacci
⏰ Time: 2025-08-11 19:37

2025-08-11 19:38:26,095 - INFO - 
🔴 SHORT Signal: MINA/USDT
━━━━━━━━━━━━━━━━━━━━━━━━

📊 FVG ZONE:
- Gap High: $0.1989
- Gap Low: $0.1959
- Entry (Midpoint): $0.1974

📈 MARKET STRUCTURE:
- Swing High: $0.1886
- Swing Low: $0.1786
- Swing Range: 5.6%

💹 CURRENT STATUS:
- Price Now: $0.1940
- Distance to Entry: 1.8%
- Action: Wait for rally to entry

🛑 RISK MANAGEMENT:
- Stop Loss: $0.1996 (-1.1%)
- Risk/Reward: 5.7:1

🎯 SMART FIBONACCI TARGETS:
- T1: $0.1848 (+6.4%) [38.2%] - Exit 50%
- T2: $0.1836 (+7.0%) [50%] - Exit 30%
- T3: $0.1807 (+8.4%) [78.6%] - Exit 20%

📈 SETUP QUALITY:
- FVG Score: 100/100
- Fib Confluence: 0/100
- Final Score: 100/100
- Gap Size: 1.5%
- FVG Age: 0 bars
- Volume Surge: Yes ✅
- Category: Others

💡 Strategy: R21 FVG + Smart Fibonacci
⏰ Time: 2025-08-11 19:37

2025-08-11 19:38:26,095 - INFO - 
🔴 SHORT Signal: DYM/USDT
━━━━━━━━━━━━━━━━━━━━━━━━

📊 FVG ZONE:
- Gap High: $0.2690
- Gap Low: $0.2650
- Entry (Midpoint): $0.2670

📈 MARKET STRUCTURE:
- Swing High: $0.2570
- Swing Low: $0.2410
- Swing Range: 6.6%

💹 CURRENT STATUS:
- Price Now: $0.2620
- Distance to Entry: 1.9%
- Action: Wait for rally to entry

🛑 RISK MANAGEMENT:
- Stop Loss: $0.2699 (-1.1%)
- Risk/Reward: 5.5:1

🎯 SMART FIBONACCI TARGETS:
- T1: $0.2509 (+6.0%) [38.2%] - Exit 50%
- T2: $0.2490 (+6.7%) [50%] - Exit 30%
- T3: $0.2444 (+8.5%) [78.6%] - Exit 20%

📈 SETUP QUALITY:
- FVG Score: 100/100
- Fib Confluence: 0/100
- Final Score: 100/100
- Gap Size: 1.5%
- FVG Age: 0 bars
- Volume Surge: Yes ✅
- Category: Others

💡 Strategy: R21 FVG + Smart Fibonacci
⏰ Time: 2025-08-11 19:37

2025-08-11 19:38:26,095 - INFO - 
🔴 SHORT Signal: ALT/USDT
━━━━━━━━━━━━━━━━━━━━━━━━

📊 FVG ZONE:
- Gap High: $0.0368
- Gap Low: $0.0362
- Entry (Midpoint): $0.0365

📈 MARKET STRUCTURE:
- Swing High: $0.0345
- Swing Low: $0.0358
- Swing Range: 3.8%

💹 CURRENT STATUS:
- Price Now: $0.0360
- Distance to Entry: 1.4%
- Action: Wait for rally to entry

🛑 RISK MANAGEMENT:
- Stop Loss: $0.0370 (-1.3%)
- Risk/Reward: 5.4:1

🎯 SMART FIBONACCI TARGETS:
- T1: $0.0339 (+7.0%) [23.6%] - Exit 50%
- T2: $0.0338 (+7.5%) [23.6%] - Exit 30%
- T3: $0.0334 (+8.5%) [23.6%] - Exit 20%

📈 SETUP QUALITY:
- FVG Score: 85/100
- Fib Confluence: 20/100
- Final Score: 100/100
- Gap Size: 1.8%
- FVG Age: 0 bars
- Volume Surge: Yes ✅
- Category: Others

💡 Strategy: R21 FVG + Smart Fibonacci
⏰ Time: 2025-08-11 19:36

2025-08-11 19:38:26,095 - INFO - 
🟢 LONG Signal: ARB/USDT
━━━━━━━━━━━━━━━━━━━━━━━━

📊 FVG ZONE:
- Gap High: $0.4542
- Gap Low: $0.4403
- Entry (Midpoint): $0.4473

📈 MARKET STRUCTURE:
- Swing High: $0.3932
- Swing Low: $0.3857
- Swing Range: 1.9%

💹 CURRENT STATUS:
- Price Now: $0.4522
- Distance to Entry: -1.1%
- Action: Wait for pullback to entry

🛑 RISK MANAGEMENT:
- Stop Loss: $0.4370 (-2.3%)
- Risk/Reward: 5.1:1

🎯 SMART FIBONACCI TARGETS:
- T1: $0.3952 (+11.6%) [127.2%] - Exit 50%
- T2: $0.3978 (+11.0%) [161.8%] - Exit 30%
- T3: $0.4007 (+10.4%) [200%+] - Exit 20%

📈 SETUP QUALITY:
- FVG Score: 90/100
- Fib Confluence: 0/100
- Final Score: 100/100
- Gap Size: 3.2%
- FVG Age: 13 bars
- Volume Surge: Yes ✅
- Category: Layer 2/Scaling

💡 Strategy: R21 FVG + Smart Fibonacci
⏰ Time: 2025-08-11 19:35

2025-08-11 19:38:26,095 - INFO - 
🔴 SHORT Signal: WLD/USDT
━━━━━━━━━━━━━━━━━━━━━━━━

📊 FVG ZONE:
- Gap High: $1.0650
- Gap Low: $1.0420
- Entry (Midpoint): $1.0535

📈 MARKET STRUCTURE:
- Swing High: $0.9790
- Swing Low: $0.9660
- Swing Range: 1.3%

💹 CURRENT STATUS:
- Price Now: $1.0330
- Distance to Entry: 2.0%
- Action: Wait for rally to entry

🛑 RISK MANAGEMENT:
- Stop Loss: $1.0704 (-1.6%)
- Risk/Reward: 4.7:1

🎯 SMART FIBONACCI TARGETS:
- T1: $0.9740 (+7.5%) [38.2%] - Exit 50%
- T2: $0.9725 (+7.7%) [50%] - Exit 30%
- T3: $0.9688 (+8.0%) [78.6%] - Exit 20%

📈 SETUP QUALITY:
- FVG Score: 100/100
- Fib Confluence: 0/100
- Final Score: 100/100
- Gap Size: 2.2%
- FVG Age: 0 bars
- Volume Surge: Yes ✅
- Category: Others

💡 Strategy: R21 FVG + Smart Fibonacci
⏰ Time: 2025-08-11 19:35

2025-08-11 19:38:26,096 - INFO - 
🔴 SHORT Signal: PYR/USDT
━━━━━━━━━━━━━━━━━━━━━━━━

📊 FVG ZONE:
- Gap High: $1.1740
- Gap Low: $1.1650
- Entry (Midpoint): $1.1695

📈 MARKET STRUCTURE:
- Swing High: $1.1600
- Swing Low: $1.1050
- Swing Range: 5.0%

💹 CURRENT STATUS:
- Price Now: $1.1560
- Distance to Entry: 1.2%
- Action: Wait for rally to entry

🛑 RISK MANAGEMENT:
- Stop Loss: $1.1761 (-0.6%)
- Risk/Reward: 4.6:1

🎯 SMART FIBONACCI TARGETS:
- T1: $1.1390 (+2.6%) [38.2%] - Exit 50%
- T2: $1.1325 (+3.2%) [50%] - Exit 30%
- T3: $1.1168 (+4.5%) [78.6%] - Exit 20%

📈 SETUP QUALITY:
- FVG Score: 80/100
- Fib Confluence: 20/100
- Final Score: 100/100
- Gap Size: 0.8%
- FVG Age: 0 bars
- Volume Surge: Yes ✅
- Category: Others

💡 Strategy: R21 FVG + Smart Fibonacci
⏰ Time: 2025-08-11 19:37

2025-08-11 19:38:26,096 - INFO - 
🔴 SHORT Signal: LPT/USDT
━━━━━━━━━━━━━━━━━━━━━━━━

📊 FVG ZONE:
- Gap High: $6.8760
- Gap Low: $6.7590
- Entry (Midpoint): $6.8175

📈 MARKET STRUCTURE:
- Swing High: $6.4990
- Swing Low: $6.6640
- Swing Range: 2.5%

💹 CURRENT STATUS:
- Price Now: $6.6910
- Distance to Entry: 1.9%
- Action: Wait for rally to entry

🛑 RISK MANAGEMENT:
- Stop Loss: $6.9036 (-1.3%)
- Risk/Reward: 4.4:1

🎯 SMART FIBONACCI TARGETS:
- T1: $6.4360 (+5.6%) [23.6%] - Exit 50%
- T2: $6.4165 (+5.9%) [23.6%] - Exit 30%
- T3: $6.3693 (+6.6%) [23.6%] - Exit 20%

📈 SETUP QUALITY:
- FVG Score: 100/100
- Fib Confluence: 0/100
- Final Score: 100/100
- Gap Size: 1.7%
- FVG Age: 0 bars
- Volume Surge: Yes ✅
- Category: Others

💡 Strategy: R21 FVG + Smart Fibonacci
⏰ Time: 2025-08-11 19:36

2025-08-11 19:38:26,096 - INFO - 
🔴 SHORT Signal: FIL/USDT
━━━━━━━━━━━━━━━━━━━━━━━━

📊 FVG ZONE:
- Gap High: $2.5980
- Gap Low: $2.5510
- Entry (Midpoint): $2.5745

📈 MARKET STRUCTURE:
- Swing High: $2.4560
- Swing Low: $2.3670
- Swing Range: 3.8%

💹 CURRENT STATUS:
- Price Now: $2.5350
- Distance to Entry: 1.6%
- Action: Wait for rally to entry

🛑 RISK MANAGEMENT:
- Stop Loss: $2.6091 (-1.3%)
- Risk/Reward: 4.4:1

🎯 SMART FIBONACCI TARGETS:
- T1: $2.4220 (+5.9%) [38.2%] - Exit 50%
- T2: $2.4115 (+6.3%) [50%] - Exit 30%
- T3: $2.3860 (+7.3%) [78.6%] - Exit 20%

📈 SETUP QUALITY:
- FVG Score: 100/100
- Fib Confluence: 0/100
- Final Score: 100/100
- Gap Size: 1.8%
- FVG Age: 0 bars
- Volume Surge: Yes ✅
- Category: Infrastructure

💡 Strategy: R21 FVG + Smart Fibonacci
⏰ Time: 2025-08-11 19:35

2025-08-11 19:38:26,096 - INFO - 
🔴 SHORT Signal: FIDA/USDT
━━━━━━━━━━━━━━━━━━━━━━━━

📊 FVG ZONE:
- Gap High: $0.1041
- Gap Low: $0.1021
- Entry (Midpoint): $0.1031

📈 MARKET STRUCTURE:
- Swing High: $0.0985
- Swing Low: $0.1028
- Swing Range: 4.2%

💹 CURRENT STATUS:
- Price Now: $0.1011
- Distance to Entry: 2.0%
- Action: Wait for rally to entry

🛑 RISK MANAGEMENT:
- Stop Loss: $0.1046 (-1.4%)
- Risk/Reward: 4.2:1

🎯 SMART FIBONACCI TARGETS:
- T1: $0.0969 (+6.1%) [23.6%] - Exit 50%
- T2: $0.0964 (+6.5%) [23.6%] - Exit 30%
- T3: $0.0951 (+7.7%) [23.6%] - Exit 20%

📈 SETUP QUALITY:
- FVG Score: 85/100
- Fib Confluence: 20/100
- Final Score: 100/100
- Gap Size: 2.0%
- FVG Age: 0 bars
- Volume Surge: Yes ✅
- Category: Others

💡 Strategy: R21 FVG + Smart Fibonacci
⏰ Time: 2025-08-11 19:37

2025-08-11 19:38:26,096 - INFO - 
🔴 SHORT Signal: TAO/USDT
━━━━━━━━━━━━━━━━━━━━━━━━

📊 FVG ZONE:
- Gap High: $384.2000
- Gap Low: $376.1000
- Entry (Midpoint): $380.1500

📈 MARKET STRUCTURE:
- Swing High: $360.8000
- Swing Low: $348.2000
- Swing Range: 3.6%

💹 CURRENT STATUS:
- Price Now: $373.3000
- Distance to Entry: 1.8%
- Action: Wait for rally to entry

🛑 RISK MANAGEMENT:
- Stop Loss: $386.1116 (-1.6%)
- Risk/Reward: 4.1:1

🎯 SMART FIBONACCI TARGETS:
- T1: $355.9868 (+6.4%) [38.2%] - Exit 50%
- T2: $354.5000 (+6.7%) [50%] - Exit 30%
- T3: $350.8964 (+7.7%) [78.6%] - Exit 20%

📈 SETUP QUALITY:
- FVG Score: 100/100
- Fib Confluence: 0/100
- Final Score: 100/100
- Gap Size: 2.2%
- FVG Age: 0 bars
- Volume Surge: Yes ✅
- Category: Others

💡 Strategy: R21 FVG + Smart Fibonacci
⏰ Time: 2025-08-11 19:35

2025-08-11 19:38:26,096 - INFO - 
🔴 SHORT Signal: ZEC/USDT
━━━━━━━━━━━━━━━━━━━━━━━━

📊 FVG ZONE:
- Gap High: $39.2000
- Gap Low: $38.3700
- Entry (Midpoint): $38.7850

📈 MARKET STRUCTURE:
- Swing High: $36.7800
- Swing Low: $35.7600
- Swing Range: 2.9%

💹 CURRENT STATUS:
- Price Now: $38.0600
- Distance to Entry: 1.9%
- Action: Wait for rally to entry

🛑 RISK MANAGEMENT:
- Stop Loss: $39.3959 (-1.6%)
- Risk/Reward: 3.9:1

🎯 SMART FIBONACCI TARGETS:
- T1: $36.3904 (+6.2%) [38.2%] - Exit 50%
- T2: $36.2700 (+6.5%) [50%] - Exit 30%
- T3: $35.9783 (+7.2%) [78.6%] - Exit 20%

📈 SETUP QUALITY:
- FVG Score: 100/100
- Fib Confluence: 0/100
- Final Score: 100/100
- Gap Size: 2.2%
- FVG Age: 0 bars
- Volume Surge: Yes ✅
- Category: Others

💡 Strategy: R21 FVG + Smart Fibonacci
⏰ Time: 2025-08-11 19:37

2025-08-11 19:38:26,096 - INFO - 
🔴 SHORT Signal: SKL/USDT
━━━━━━━━━━━━━━━━━━━━━━━━

📊 FVG ZONE:
- Gap High: $0.0215
- Gap Low: $0.0210
- Entry (Midpoint): $0.0212

📈 MARKET STRUCTURE:
- Swing High: $0.0205
- Swing Low: $0.0191
- Swing Range: 7.5%

💹 CURRENT STATUS:
- Price Now: $0.0209
- Distance to Entry: 1.6%
- Action: Wait for rally to entry

🛑 RISK MANAGEMENT:
- Stop Loss: $0.0216 (-1.6%)
- Risk/Reward: 3.8:1

🎯 SMART FIBONACCI TARGETS:
- T1: $0.0199 (+6.1%) [38.2%] - Exit 50%
- T2: $0.0198 (+6.9%) [50%] - Exit 30%
- T3: $0.0194 (+8.8%) [78.6%] - Exit 20%

📈 SETUP QUALITY:
- FVG Score: 100/100
- Fib Confluence: 0/100
- Final Score: 100/100
- Gap Size: 2.2%
- FVG Age: 0 bars
- Volume Surge: Yes ✅
- Category: Others

💡 Strategy: R21 FVG + Smart Fibonacci
⏰ Time: 2025-08-11 19:38

2025-08-11 19:38:26,096 - INFO - 
🔴 SHORT Signal: CELO/USDT
━━━━━━━━━━━━━━━━━━━━━━━━

📊 FVG ZONE:
- Gap High: $0.3575
- Gap Low: $0.3538
- Entry (Midpoint): $0.3557

📈 MARKET STRUCTURE:
- Swing High: $0.3693
- Swing Low: $0.3069
- Swing Range: 20.3%

💹 CURRENT STATUS:
- Price Now: $0.3513
- Distance to Entry: 1.2%
- Action: Wait for rally to entry

🛑 RISK MANAGEMENT:
- Stop Loss: $0.3584 (-0.8%)
- Risk/Reward: 3.7:1

🎯 SMART FIBONACCI TARGETS:
- T1: $0.3455 (+2.9%) [38.2%] - Exit 50%
- T2: $0.3381 (+4.9%) [50%] - Exit 30%
- T3: $0.3203 (+10.0%) [78.6%] - Exit 20%

📈 SETUP QUALITY:
- FVG Score: 90/100
- Fib Confluence: 30/100
- Final Score: 100/100
- Gap Size: 1.0%
- FVG Age: 0 bars
- Volume Surge: Yes ✅
- Category: Others

💡 Strategy: R21 FVG + Smart Fibonacci
⏰ Time: 2025-08-11 19:37

2025-08-11 19:38:26,096 - INFO - 
🔴 SHORT Signal: KDA/USDT
━━━━━━━━━━━━━━━━━━━━━━━━

📊 FVG ZONE:
- Gap High: $0.4355
- Gap Low: $0.4238
- Entry (Midpoint): $0.4296

📈 MARKET STRUCTURE:
- Swing High: $0.4065
- Swing Low: $0.3956
- Swing Range: 2.8%

💹 CURRENT STATUS:
- Price Now: $0.4211
- Distance to Entry: 2.0%
- Action: Wait for rally to entry

🛑 RISK MANAGEMENT:
- Stop Loss: $0.4383 (-2.0%)
- Risk/Reward: 3.2:1

🎯 SMART FIBONACCI TARGETS:
- T1: $0.4023 (+6.4%) [38.2%] - Exit 50%
- T2: $0.4011 (+6.7%) [50%] - Exit 30%
- T3: $0.3979 (+7.4%) [78.6%] - Exit 20%

📈 SETUP QUALITY:
- FVG Score: 100/100
- Fib Confluence: 0/100
- Final Score: 100/100
- Gap Size: 2.8%
- FVG Age: 0 bars
- Volume Surge: Yes ✅
- Category: Others

💡 Strategy: R21 FVG + Smart Fibonacci
⏰ Time: 2025-08-11 19:36

2025-08-11 19:38:26,096 - INFO - 
🟢 LONG Signal: CYBER/USDT
━━━━━━━━━━━━━━━━━━━━━━━━

📊 FVG ZONE:
- Gap High: $1.9110
- Gap Low: $1.8310
- Entry (Midpoint): $1.8710

📈 MARKET STRUCTURE:
- Swing High: $1.6640
- Swing Low: $1.5770
- Swing Range: 5.5%

💹 CURRENT STATUS:
- Price Now: $1.9060
- Distance to Entry: -1.8%
- Action: Wait for pullback to entry

🛑 RISK MANAGEMENT:
- Stop Loss: $1.8121 (-3.1%)
- Risk/Reward: 3.1:1

🎯 SMART FIBONACCI TARGETS:
- T1: $1.6877 (+9.8%) [127.2%] - Exit 50%
- T2: $1.7178 (+8.2%) [161.8%] - Exit 30%
- T3: $1.7510 (+6.4%) [200%+] - Exit 20%

📈 SETUP QUALITY:
- FVG Score: 100/100
- Fib Confluence: 0/100
- Final Score: 100/100
- Gap Size: 4.4%
- FVG Age: 4 bars
- Volume Surge: Yes ✅
- Category: Others

💡 Strategy: R21 FVG + Smart Fibonacci
⏰ Time: 2025-08-11 19:35

2025-08-11 19:38:26,096 - INFO - 
🔴 SHORT Signal: BAT/USDT
━━━━━━━━━━━━━━━━━━━━━━━━

📊 FVG ZONE:
- Gap High: $0.1562
- Gap Low: $0.1531
- Entry (Midpoint): $0.1547

📈 MARKET STRUCTURE:
- Swing High: $0.1494
- Swing Low: $0.1466
- Swing Range: 1.9%

💹 CURRENT STATUS:
- Price Now: $0.1520
- Distance to Entry: 1.7%
- Action: Wait for rally to entry

🛑 RISK MANAGEMENT:
- Stop Loss: $0.1569 (-1.5%)
- Risk/Reward: 2.8:1

🎯 SMART FIBONACCI TARGETS:
- T1: $0.1483 (+4.1%) [38.2%] - Exit 50%
- T2: $0.1480 (+4.3%) [50%] - Exit 30%
- T3: $0.1472 (+4.8%) [78.6%] - Exit 20%

📈 SETUP QUALITY:
- FVG Score: 100/100
- Fib Confluence: 0/100
- Final Score: 100/100
- Gap Size: 2.0%
- FVG Age: 0 bars
- Volume Surge: Yes ✅
- Category: Others

💡 Strategy: R21 FVG + Smart Fibonacci
⏰ Time: 2025-08-11 19:37

2025-08-11 19:38:26,096 - INFO - Scan complete. Found 129 high-quality setups, displayed 20
2025-08-11 19:38:26,096 - INFO - Performance Stats: {'total_scans': 2, 'setups_found': 129, 'alerts_sent': 80}
2025-08-11 19:38:26,096 - INFO - Next scan in 900 seconds...
2025-08-11 19:53:26,117 - INFO - Starting scan of top 500 symbols...
2025-08-11 19:53:26,120 - WARNING - ⚠️ Database not connected - running in offline mode
2025-08-11 19:53:26,120 - WARNING - Results will not be saved to database
2025-08-11 19:53:26,120 - INFO - 📝 Running without database logging (offline mode)
2025-08-11 19:53:26,538 - INFO - Scanning 337 symbols
2025-08-11 19:53:26,540 - INFO - Progress: 0/337 symbols scanned
2025-08-11 19:53:26,980 - INFO - 🔧 Enriching data for BTC/USDT
2025-08-11 19:53:27,798 - INFO - 📊 Found setup for BTC/USDT: Quality=100, R/R=1.3966850088299396
2025-08-11 19:53:28,870 - INFO - 🔧 Enriching data for SOL/USDT
2025-08-11 19:53:29,696 - INFO - 📊 Found setup for SOL/USDT: Quality=82.5, R/R=7.564104098831704
2025-08-11 19:53:30,110 - INFO - 🔧 Enriching data for XRP/USDT
2025-08-11 19:53:31,063 - INFO - 📊 Found setup for XRP/USDT: Quality=100, R/R=0.31204063146997996
2025-08-11 19:53:31,997 - INFO - Progress: 10/337 symbols scanned
2025-08-11 19:53:32,381 - INFO - 🔧 Enriching data for TREE/USDT
2025-08-11 19:53:33,139 - INFO - 📊 Found setup for TREE/USDT: Quality=100, R/R=1.6336577350859522
2025-08-11 19:53:33,795 - INFO - 🔧 Enriching data for PEPE/USDT
2025-08-11 19:53:34,560 - INFO - 📊 Found setup for PEPE/USDT: Quality=100, R/R=1.7466787439613665
2025-08-11 19:53:34,981 - INFO - 🔧 Enriching data for ADA/USDT
2025-08-11 19:53:35,748 - INFO - 📊 Found setup for ADA/USDT: Quality=99.00000000000001, R/R=9.413412506709596
2025-08-11 19:53:37,258 - INFO - 🔧 Enriching data for UNI/USDT
2025-08-11 19:53:38,043 - INFO - Progress: 20/337 symbols scanned
2025-08-11 19:53:38,884 - INFO - 🔧 Enriching data for AVAX/USDT
2025-08-11 19:53:40,324 - INFO - 🔧 Enriching data for ARB/USDT
2025-08-11 19:53:41,120 - INFO - 📊 Found setup for ARB/USDT: Quality=100, R/R=5.083867688457921
2025-08-11 19:53:41,788 - INFO - 🔧 Enriching data for TRUMP/USDT
2025-08-11 19:53:42,647 - INFO - 📊 Found setup for TRUMP/USDT: Quality=90.0, R/R=2.719882246376815
2025-08-11 19:53:43,060 - INFO - 🔧 Enriching data for WIF/USDT
2025-08-11 19:53:43,813 - INFO - 📊 Found setup for WIF/USDT: Quality=100, R/R=4.91973244147155
2025-08-11 19:53:44,575 - INFO - 🔧 Enriching data for AAVE/USDT
2025-08-11 19:53:45,336 - INFO - 📊 Found setup for AAVE/USDT: Quality=81.0, R/R=8.032419918925402
2025-08-11 19:53:45,336 - INFO - Progress: 30/337 symbols scanned
2025-08-11 19:53:46,390 - INFO - 🔧 Enriching data for WLD/USDT
2025-08-11 19:53:47,177 - INFO - 📊 Found setup for WLD/USDT: Quality=100.0, R/R=4.694352551984933
2025-08-11 19:53:48,454 - INFO - Progress: 40/337 symbols scanned
2025-08-11 19:53:49,510 - INFO - 🔧 Enriching data for PNUT/USDT
2025-08-11 19:53:50,275 - INFO - 📊 Found setup for PNUT/USDT: Quality=90.0, R/R=10.976902173913277
2025-08-11 19:53:50,694 - INFO - 🔧 Enriching data for DOT/USDT
2025-08-11 19:53:51,859 - INFO - 🔧 Enriching data for NEIRO/USDT
2025-08-11 19:53:52,611 - INFO - 📊 Found setup for NEIRO/USDT: Quality=100, R/R=1.4597352925713794
2025-08-11 19:53:53,167 - INFO - 🔧 Enriching data for TAO/USDT
2025-08-11 19:53:53,923 - INFO - 📊 Found setup for TAO/USDT: Quality=100.0, R/R=4.0531400966183675
2025-08-11 19:53:54,341 - INFO - 🔧 Enriching data for SHIB/USDT
2025-08-11 19:53:55,099 - INFO - 📊 Found setup for SHIB/USDT: Quality=100, R/R=1.672154731457801
2025-08-11 19:53:55,598 - INFO - Progress: 50/337 symbols scanned
2025-08-11 19:53:56,027 - INFO - 🔧 Enriching data for CFX/USDT
2025-08-11 19:53:56,804 - INFO - 📊 Found setup for CFX/USDT: Quality=100, R/R=0.13652832674572538
2025-08-11 19:53:58,512 - INFO - 🔧 Enriching data for FET/USDT
2025-08-11 19:53:59,293 - INFO - 📊 Found setup for FET/USDT: Quality=100.0, R/R=7.142767558528401
2025-08-11 19:53:59,730 - INFO - Progress: 60/337 symbols scanned
2025-08-11 19:54:00,899 - INFO - 🔧 Enriching data for FIL/USDT
2025-08-11 19:54:01,762 - INFO - 📊 Found setup for FIL/USDT: Quality=100.0, R/R=4.408475948196121
2025-08-11 19:54:02,435 - INFO - 🔧 Enriching data for ENS/USDT
2025-08-11 19:54:03,222 - INFO - 📊 Found setup for ENS/USDT: Quality=100.0, R/R=1.5515010351967158
2025-08-11 19:54:03,892 - INFO - 🔧 Enriching data for GMX/USDT
2025-08-11 19:54:04,686 - INFO - 📊 Found setup for GMX/USDT: Quality=75.0, R/R=28.902973145779452
2025-08-11 19:54:05,336 - INFO - Progress: 70/337 symbols scanned
2025-08-11 19:54:06,405 - INFO - 🔧 Enriching data for CAKE/USDT
2025-08-11 19:54:07,166 - INFO - 📊 Found setup for CAKE/USDT: Quality=75.0, R/R=8.48556971514241
2025-08-11 19:54:08,013 - INFO - 🔧 Enriching data for EIGEN/USDT
2025-08-11 19:54:08,944 - INFO - 📊 Found setup for EIGEN/USDT: Quality=100, R/R=0.458333333333331
2025-08-11 19:54:09,624 - INFO - Progress: 80/337 symbols scanned
2025-08-11 19:54:10,496 - INFO - 🔧 Enriching data for ORDI/USDT
2025-08-11 19:54:11,253 - INFO - 📊 Found setup for ORDI/USDT: Quality=85.0, R/R=8.350845410628123
2025-08-11 19:54:11,678 - INFO - 🔧 Enriching data for VET/USDT
2025-08-11 19:54:12,502 - INFO - 📊 Found setup for VET/USDT: Quality=90.0, R/R=4.64346227621487
2025-08-11 19:54:13,570 - INFO - 🔧 Enriching data for MAV/USDT
2025-08-11 19:54:14,327 - INFO - 📊 Found setup for MAV/USDT: Quality=75.0, R/R=13.117697010869604
2025-08-11 19:54:15,088 - INFO - 🔧 Enriching data for RENDER/USDT
2025-08-11 19:54:15,973 - INFO - 📊 Found setup for RENDER/USDT: Quality=80.0, R/R=11.617729142185608
2025-08-11 19:54:15,973 - INFO - Progress: 90/337 symbols scanned
2025-08-11 19:54:17,045 - INFO - 🔧 Enriching data for WBTC/USDT
2025-08-11 19:54:17,837 - INFO - 📊 Found setup for WBTC/USDT: Quality=100, R/R=1.131007349108053
2025-08-11 19:54:18,464 - INFO - 🔧 Enriching data for ARKM/USDT
2025-08-11 19:54:19,258 - INFO - 📊 Found setup for ARKM/USDT: Quality=90.0, R/R=6.253493788819815
2025-08-11 19:54:19,680 - INFO - 🔧 Enriching data for HYPER/USDT
2025-08-11 19:54:20,454 - INFO - 📊 Found setup for HYPER/USDT: Quality=100, R/R=0.41207924263673656
2025-08-11 19:54:21,094 - INFO - 🔧 Enriching data for RSR/USDT
2025-08-11 19:54:21,853 - INFO - 📊 Found setup for RSR/USDT: Quality=90.0, R/R=27.74892103580535
2025-08-11 19:54:22,086 - INFO - Progress: 100/337 symbols scanned
2025-08-11 19:54:23,138 - INFO - 🔧 Enriching data for AR/USDT
2025-08-11 19:54:23,904 - INFO - 📊 Found setup for AR/USDT: Quality=90.0, R/R=12.403683574879299
2025-08-11 19:54:24,324 - INFO - 🔧 Enriching data for ACH/USDT
2025-08-11 19:54:25,137 - INFO - 📊 Found setup for ACH/USDT: Quality=80.0, R/R=13.555778032036764
2025-08-11 19:54:26,230 - INFO - Progress: 110/337 symbols scanned
2025-08-11 19:54:26,652 - INFO - 🔧 Enriching data for INIT/USDT
2025-08-11 19:54:27,411 - INFO - 📊 Found setup for INIT/USDT: Quality=85.0, R/R=3.5787244245524086
2025-08-11 19:54:27,836 - INFO - 🔧 Enriching data for OMNI/USDT
2025-08-11 19:54:28,605 - INFO - 📊 Found setup for OMNI/USDT: Quality=85.0, R/R=1.2065217391304348
2025-08-11 19:54:29,481 - INFO - 🔧 Enriching data for WCT/USDT
2025-08-11 19:54:30,646 - INFO - 📊 Found setup for WCT/USDT: Quality=85.0, R/R=5.625776397515515
2025-08-11 19:54:31,747 - INFO - 🔧 Enriching data for USUAL/USDT
2025-08-11 19:54:32,701 - INFO - 📊 Found setup for USUAL/USDT: Quality=100, R/R=0.6656427221172029
2025-08-11 19:54:32,927 - INFO - Progress: 120/337 symbols scanned
2025-08-11 19:54:34,578 - INFO - 🔧 Enriching data for THETA/USDT
2025-08-11 19:54:35,328 - INFO - 📊 Found setup for THETA/USDT: Quality=90.0, R/R=10.469120553359536
2025-08-11 19:54:35,957 - INFO - 🔧 Enriching data for HFT/USDT
2025-08-11 19:54:36,712 - INFO - 📊 Found setup for HFT/USDT: Quality=90.0, R/R=0.8294030950626367
2025-08-11 19:54:37,357 - INFO - 🔧 Enriching data for COMP/USDT
2025-08-11 19:54:38,110 - INFO - 📊 Found setup for COMP/USDT: Quality=94.5, R/R=9.096963423050441
2025-08-11 19:54:38,342 - INFO - Progress: 130/337 symbols scanned
2025-08-11 19:54:38,751 - INFO - 🔧 Enriching data for IO/USDT
2025-08-11 19:54:39,527 - INFO - 📊 Found setup for IO/USDT: Quality=75.0, R/R=6.5319293478260905
2025-08-11 19:54:39,942 - INFO - 🔧 Enriching data for STRK/USDT
2025-08-11 19:54:40,711 - INFO - 📊 Found setup for STRK/USDT: Quality=90.0, R/R=13.058254076086948
2025-08-11 19:54:42,322 - INFO - 🔧 Enriching data for BOME/USDT
2025-08-11 19:54:43,088 - INFO - 📊 Found setup for BOME/USDT: Quality=100, R/R=1.8605072463768033
2025-08-11 19:54:43,700 - INFO - 🔧 Enriching data for COW/USDT
2025-08-11 19:54:44,451 - INFO - 📊 Found setup for COW/USDT: Quality=100, R/R=0.1283485062522884
2025-08-11 19:54:44,452 - INFO - Progress: 140/337 symbols scanned
2025-08-11 19:54:44,886 - INFO - 🔧 Enriching data for APE/USDT
2025-08-11 19:54:45,652 - INFO - 📊 Found setup for APE/USDT: Quality=80.0, R/R=15.609967622571709
2025-08-11 19:54:46,113 - INFO - 🔧 Enriching data for GRT/USDT
2025-08-11 19:54:46,865 - INFO - 📊 Found setup for GRT/USDT: Quality=100.0, R/R=1.8172554347826022
2025-08-11 19:54:47,311 - INFO - 🔧 Enriching data for KAITO/USDT
2025-08-11 19:54:48,084 - INFO - 📊 Found setup for KAITO/USDT: Quality=100, R/R=0.4370517705065098
2025-08-11 19:54:48,493 - INFO - 🔧 Enriching data for ALT/USDT
2025-08-11 19:54:49,296 - INFO - 📊 Found setup for ALT/USDT: Quality=100, R/R=5.373536789297698
2025-08-11 19:54:49,743 - INFO - 🔧 Enriching data for MOVR/USDT
2025-08-11 19:54:50,495 - INFO - 📊 Found setup for MOVR/USDT: Quality=95.0, R/R=10.027587991718422
2025-08-11 19:54:50,935 - INFO - 🔧 Enriching data for BERA/USDT
2025-08-11 19:54:51,701 - INFO - 📊 Found setup for BERA/USDT: Quality=100.0, R/R=6.873188405797013
2025-08-11 19:54:52,270 - INFO - 🔧 Enriching data for BAR/USDT
2025-08-11 19:54:53,022 - INFO - 📊 Found setup for BAR/USDT: Quality=100, R/R=0.24788647342994752
2025-08-11 19:54:53,848 - INFO - 🔧 Enriching data for TURBO/USDT
2025-08-11 19:54:54,607 - INFO - 📊 Found setup for TURBO/USDT: Quality=85.0, R/R=10.145920639078058
2025-08-11 19:54:54,608 - INFO - Progress: 150/337 symbols scanned
2025-08-11 19:54:55,059 - INFO - 🔧 Enriching data for SIGN/USDT
2025-08-11 19:54:55,811 - INFO - 📊 Found setup for SIGN/USDT: Quality=95.0, R/R=1.1106719367589006
2025-08-11 19:54:57,309 - INFO - 🔧 Enriching data for SAND/USDT
2025-08-11 19:54:58,068 - INFO - 📊 Found setup for SAND/USDT: Quality=80.0, R/R=16.34992588932815
2025-08-11 19:54:58,608 - INFO - 🔧 Enriching data for LAZIO/USDT
2025-08-11 19:54:59,374 - INFO - 📊 Found setup for LAZIO/USDT: Quality=95.0, R/R=4.248582230623807
2025-08-11 19:54:59,799 - INFO - Progress: 160/337 symbols scanned
2025-08-11 19:55:00,608 - INFO - 🔧 Enriching data for LPT/USDT
2025-08-11 19:55:01,903 - INFO - 📊 Found setup for LPT/USDT: Quality=100.0, R/R=4.430625232255686
2025-08-11 19:55:02,538 - INFO - 🔧 Enriching data for PYTH/USDT
2025-08-11 19:55:03,370 - INFO - 📊 Found setup for PYTH/USDT: Quality=90.0, R/R=9.954580745341481
2025-08-11 19:55:03,800 - INFO - 🔧 Enriching data for ZEN/USDT
2025-08-11 19:55:04,560 - INFO - 📊 Found setup for ZEN/USDT: Quality=90.0, R/R=8.575000000000118
2025-08-11 19:55:05,831 - INFO - 🔧 Enriching data for BABY/USDT
2025-08-11 19:55:06,589 - INFO - 📊 Found setup for BABY/USDT: Quality=100, R/R=0.8029320423821765
2025-08-11 19:55:06,811 - INFO - Progress: 170/337 symbols scanned
2025-08-11 19:55:07,231 - INFO - 🔧 Enriching data for LA/USDT
2025-08-11 19:55:07,999 - INFO - 📊 Found setup for LA/USDT: Quality=80.0, R/R=3.981744704570866
2025-08-11 19:55:08,539 - INFO - 🔧 Enriching data for XAI/USDT
2025-08-11 19:55:09,282 - INFO - 📊 Found setup for XAI/USDT: Quality=100.0, R/R=6.386888586956533
2025-08-11 19:55:09,676 - INFO - 🔧 Enriching data for RVN/USDT
2025-08-11 19:55:10,511 - INFO - 📊 Found setup for RVN/USDT: Quality=85.0, R/R=7.295289855072437
2025-08-11 19:55:11,157 - INFO - 🔧 Enriching data for TRB/USDT
2025-08-11 19:55:11,919 - INFO - 📊 Found setup for TRB/USDT: Quality=90.0, R/R=7.993967391304305
2025-08-11 19:55:13,001 - INFO - 🔧 Enriching data for NOT/USDT
2025-08-11 19:55:13,758 - INFO - 📊 Found setup for NOT/USDT: Quality=100, R/R=1.5143365817091987
2025-08-11 19:55:14,157 - INFO - 🔧 Enriching data for AXL/USDT
2025-08-11 19:55:14,914 - INFO - 📊 Found setup for AXL/USDT: Quality=100.0, R/R=2.9310710498409556
2025-08-11 19:55:14,914 - INFO - Progress: 180/337 symbols scanned
2025-08-11 19:55:15,512 - INFO - 🔧 Enriching data for ROSE/USDT
2025-08-11 19:55:16,309 - INFO - 📊 Found setup for ROSE/USDT: Quality=85.0, R/R=7.826086956521735
2025-08-11 19:55:16,944 - INFO - 🔧 Enriching data for RDNT/USDT
2025-08-11 19:55:17,708 - INFO - 📊 Found setup for RDNT/USDT: Quality=95.0, R/R=8.533288043478219
2025-08-11 19:55:18,134 - INFO - 🔧 Enriching data for BNSOL/USDT
2025-08-11 19:55:18,918 - INFO - 📊 Found setup for BNSOL/USDT: Quality=90.0, R/R=8.370923913043601
2025-08-11 19:55:19,316 - INFO - 🔧 Enriching data for JTO/USDT
2025-08-11 19:55:20,063 - INFO - 📊 Found setup for JTO/USDT: Quality=85.0, R/R=4.64504076086962
2025-08-11 19:55:20,464 - INFO - 🔧 Enriching data for MEME/USDT
2025-08-11 19:55:21,220 - INFO - 📊 Found setup for MEME/USDT: Quality=100, R/R=0.5931677018633699
2025-08-11 19:55:21,882 - INFO - Progress: 190/337 symbols scanned
2025-08-11 19:55:22,297 - INFO - 🔧 Enriching data for CHZ/USDT
2025-08-11 19:55:23,537 - INFO - 🔧 Enriching data for CETUS/USDT
2025-08-11 19:55:24,314 - INFO - 📊 Found setup for CETUS/USDT: Quality=85.0, R/R=4.40681612318844
2025-08-11 19:55:24,951 - INFO - 🔧 Enriching data for DIA/USDT
2025-08-11 19:55:25,728 - INFO - 📊 Found setup for DIA/USDT: Quality=75.0, R/R=10.270104277129757
2025-08-11 19:55:26,908 - INFO - 🔧 Enriching data for BANANA/USDT
2025-08-11 19:55:27,683 - INFO - 📊 Found setup for BANANA/USDT: Quality=85.0, R/R=12.29483695652146
2025-08-11 19:55:28,330 - INFO - 🔧 Enriching data for KDA/USDT
2025-08-11 19:55:29,081 - INFO - 📊 Found setup for KDA/USDT: Quality=100.0, R/R=3.171892419175013
2025-08-11 19:55:29,082 - INFO - Progress: 200/337 symbols scanned
2025-08-11 19:55:29,498 - INFO - 🔧 Enriching data for PARTI/USDT
2025-08-11 19:55:30,406 - INFO - 📊 Found setup for PARTI/USDT: Quality=95.0, R/R=1.2600334448160484
2025-08-11 19:55:31,374 - INFO - 🔧 Enriching data for SOPH/USDT
2025-08-11 19:55:32,181 - INFO - 📊 Found setup for SOPH/USDT: Quality=100, R/R=0.898492286115016
2025-08-11 19:55:32,867 - INFO - 🔧 Enriching data for GMT/USDT
2025-08-11 19:55:33,633 - INFO - 📊 Found setup for GMT/USDT: Quality=90.0, R/R=6.367391304347811
2025-08-11 19:55:34,264 - INFO - 🔧 Enriching data for 1000CAT/USDT
2025-08-11 19:55:35,023 - INFO - 📊 Found setup for 1000CAT/USDT: Quality=100, R/R=0.4757699275362092
2025-08-11 19:55:35,878 - INFO - 🔧 Enriching data for MASK/USDT
2025-08-11 19:55:36,655 - INFO - 📊 Found setup for MASK/USDT: Quality=90.0, R/R=6.59646739130433
2025-08-11 19:55:36,655 - INFO - Progress: 210/337 symbols scanned
2025-08-11 19:55:37,332 - INFO - 🔧 Enriching data for CKB/USDT
2025-08-11 19:55:38,117 - INFO - 📊 Found setup for CKB/USDT: Quality=85.0, R/R=5.298196368848476
2025-08-11 19:55:39,162 - INFO - 🔧 Enriching data for MINA/USDT
2025-08-11 19:55:39,957 - INFO - 📊 Found setup for MINA/USDT: Quality=100.0, R/R=5.715579710144884
2025-08-11 19:55:40,398 - INFO - 🔧 Enriching data for NFP/USDT
2025-08-11 19:55:41,168 - INFO - 📊 Found setup for NFP/USDT: Quality=100.0, R/R=5.3019021739130325
2025-08-11 19:55:41,790 - INFO - 🔧 Enriching data for NMR/USDT
2025-08-11 19:55:42,607 - INFO - 📊 Found setup for NMR/USDT: Quality=100, R/R=0.21982265446222615
2025-08-11 19:55:42,929 - INFO - Progress: 220/337 symbols scanned
2025-08-11 19:55:44,242 - INFO - 🔧 Enriching data for MANA/USDT
2025-08-11 19:55:45,230 - INFO - 📊 Found setup for MANA/USDT: Quality=96.0, R/R=4.758548460145005
2025-08-11 19:55:46,309 - INFO - 🔧 Enriching data for BICO/USDT
2025-08-11 19:55:47,074 - INFO - 📊 Found setup for BICO/USDT: Quality=100, R/R=0.7232986767485807
2025-08-11 19:55:47,283 - INFO - Progress: 230/337 symbols scanned
2025-08-11 19:55:47,939 - INFO - 🔧 Enriching data for SUPER/USDT
2025-08-11 19:55:48,720 - INFO - 📊 Found setup for SUPER/USDT: Quality=100.0, R/R=5.973903101802788
2025-08-11 19:55:49,144 - INFO - 🔧 Enriching data for FIDA/USDT
2025-08-11 19:55:49,903 - INFO - 📊 Found setup for FIDA/USDT: Quality=100, R/R=4.240896739130423
2025-08-11 19:55:50,327 - INFO - 🔧 Enriching data for AUCTION/USDT
2025-08-11 19:55:51,099 - INFO - 📊 Found setup for AUCTION/USDT: Quality=90.0, R/R=7.720526755852858
2025-08-11 19:55:51,742 - INFO - 🔧 Enriching data for VANRY/USDT
2025-08-11 19:55:52,527 - INFO - 📊 Found setup for VANRY/USDT: Quality=85.0, R/R=3.4144021739130337
2025-08-11 19:55:53,163 - INFO - 🔧 Enriching data for AI/USDT
2025-08-11 19:55:53,912 - INFO - 📊 Found setup for AI/USDT: Quality=85.0, R/R=5.594979296066226
2025-08-11 19:55:54,366 - INFO - 🔧 Enriching data for 1MBABYDOGE/USDT
2025-08-11 19:55:55,134 - INFO - 📊 Found setup for 1MBABYDOGE/USDT: Quality=100, R/R=0.5958953089244841
2025-08-11 19:55:55,351 - INFO - Progress: 240/337 symbols scanned
2025-08-11 19:55:55,750 - INFO - 🔧 Enriching data for ENJ/USDT
2025-08-11 19:55:57,359 - INFO - 🔧 Enriching data for AXS/USDT
2025-08-11 19:55:58,120 - INFO - 📊 Found setup for AXS/USDT: Quality=96.0, R/R=5.330663615560723
2025-08-11 19:55:58,535 - INFO - 🔧 Enriching data for DOGS/USDT
2025-08-11 19:55:59,308 - INFO - 📊 Found setup for DOGS/USDT: Quality=100, R/R=1.5234257871064343
2025-08-11 19:55:59,713 - INFO - 🔧 Enriching data for CELO/USDT
2025-08-11 19:56:00,932 - INFO - 📊 Found setup for CELO/USDT: Quality=100, R/R=3.7407461809635967
2025-08-11 19:56:01,617 - INFO - 🔧 Enriching data for SYN/USDT
2025-08-11 19:56:02,381 - INFO - 📊 Found setup for SYN/USDT: Quality=100, R/R=0.2370169082125643
2025-08-11 19:56:02,827 - INFO - 🔧 Enriching data for NXPC/USDT
2025-08-11 19:56:03,601 - INFO - 📊 Found setup for NXPC/USDT: Quality=100, R/R=0.9681919642857286
2025-08-11 19:56:03,829 - INFO - Progress: 250/337 symbols scanned
2025-08-11 19:56:04,693 - INFO - 🔧 Enriching data for STO/USDT
2025-08-11 19:56:05,454 - INFO - 📊 Found setup for STO/USDT: Quality=100.0, R/R=6.003396739130438
2025-08-11 19:56:06,455 - INFO - 🔧 Enriching data for AEVO/USDT
2025-08-11 19:56:07,222 - INFO - 📊 Found setup for AEVO/USDT: Quality=100.0, R/R=5.123641304347761
2025-08-11 19:56:07,858 - INFO - 🔧 Enriching data for PIXEL/USDT
2025-08-11 19:56:08,634 - INFO - 📊 Found setup for PIXEL/USDT: Quality=95.0, R/R=6.725901029748167
2025-08-11 19:56:08,857 - INFO - Progress: 260/337 symbols scanned
2025-08-11 19:56:09,517 - INFO - 🔧 Enriching data for ANKR/USDT
2025-08-11 19:56:10,258 - INFO - 📊 Found setup for ANKR/USDT: Quality=80.0, R/R=10.177898550724299
2025-08-11 19:56:10,659 - INFO - 🔧 Enriching data for VANA/USDT
2025-08-11 19:56:11,447 - INFO - 📊 Found setup for VANA/USDT: Quality=90.0, R/R=6.178871090770511
2025-08-11 19:56:12,102 - INFO - 🔧 Enriching data for LAYER/USDT
2025-08-11 19:56:12,922 - INFO - 📊 Found setup for LAYER/USDT: Quality=95.0, R/R=5.413730634682606
2025-08-11 19:56:13,342 - INFO - 🔧 Enriching data for DYM/USDT
2025-08-11 19:56:14,094 - INFO - 📊 Found setup for DYM/USDT: Quality=100.0, R/R=5.472826086956523
2025-08-11 19:56:14,725 - INFO - 🔧 Enriching data for C98/USDT
2025-08-11 19:56:15,480 - INFO - 📊 Found setup for C98/USDT: Quality=75.0, R/R=8.403985507246366
2025-08-11 19:56:15,893 - INFO - Progress: 270/337 symbols scanned
2025-08-11 19:56:16,420 - INFO - 🔧 Enriching data for PYR/USDT
2025-08-11 19:56:17,319 - INFO - 📊 Found setup for PYR/USDT: Quality=100.0, R/R=4.605978260869596
2025-08-11 19:56:17,725 - INFO - 🔧 Enriching data for COTI/USDT
2025-08-11 19:56:18,475 - INFO - 📊 Found setup for COTI/USDT: Quality=100, R/R=1.3761974944731061
2025-08-11 19:56:18,884 - INFO - 🔧 Enriching data for ZEC/USDT
2025-08-11 19:56:19,631 - INFO - 📊 Found setup for ZEC/USDT: Quality=100.0, R/R=3.919984284965887
2025-08-11 19:56:20,059 - INFO - 🔧 Enriching data for ONE/USDT
2025-08-11 19:56:20,796 - INFO - 📊 Found setup for ONE/USDT: Quality=100, R/R=1.5374713958809823
2025-08-11 19:56:21,557 - INFO - 🔧 Enriching data for ANIME/USDT
2025-08-11 19:56:22,439 - INFO - 📊 Found setup for ANIME/USDT: Quality=75.0, R/R=7.198493083003974
2025-08-11 19:56:22,856 - INFO - 🔧 Enriching data for LRC/USDT
2025-08-11 19:56:23,615 - INFO - 📊 Found setup for LRC/USDT: Quality=100, R/R=5.308763586956577
2025-08-11 19:56:24,241 - INFO - 🔧 Enriching data for BAT/USDT
2025-08-11 19:56:25,003 - INFO - 📊 Found setup for BAT/USDT: Quality=100.0, R/R=2.769810659186546
2025-08-11 19:56:25,441 - INFO - 🔧 Enriching data for BAKE/USDT
2025-08-11 19:56:26,245 - INFO - 📊 Found setup for BAKE/USDT: Quality=90.0, R/R=4.883831521739137
2025-08-11 19:56:26,245 - INFO - Progress: 280/337 symbols scanned
2025-08-11 19:56:27,105 - INFO - 🔧 Enriching data for PHB/USDT
2025-08-11 19:56:27,905 - INFO - 📊 Found setup for PHB/USDT: Quality=100, R/R=2.405230978260869
2025-08-11 19:56:28,544 - INFO - 🔧 Enriching data for KNC/USDT
2025-08-11 19:56:29,303 - INFO - 📊 Found setup for KNC/USDT: Quality=85.0, R/R=1.9025178866263013
2025-08-11 19:56:30,410 - INFO - 🔧 Enriching data for ZRX/USDT
2025-08-11 19:56:31,310 - INFO - 📊 Found setup for ZRX/USDT: Quality=90.0, R/R=6.02820211515854
2025-08-11 19:56:31,708 - INFO - 🔧 Enriching data for ME/USDT
2025-08-11 19:56:32,492 - INFO - 📊 Found setup for ME/USDT: Quality=75.0, R/R=3.721127717391299
2025-08-11 19:56:32,708 - INFO - Progress: 290/337 symbols scanned
2025-08-11 19:56:33,555 - INFO - 🔧 Enriching data for SNX/USDT
2025-08-11 19:56:34,799 - INFO - 🔧 Enriching data for LUNA/USDT
2025-08-11 19:56:35,562 - INFO - 📊 Found setup for LUNA/USDT: Quality=75.0, R/R=3.938611660079086
2025-08-11 19:56:35,980 - INFO - 🔧 Enriching data for KMNO/USDT
2025-08-11 19:56:36,737 - INFO - 📊 Found setup for KMNO/USDT: Quality=85.0, R/R=2.701109414301124
2025-08-11 19:56:37,141 - INFO - 🔧 Enriching data for EGLD/USDT
2025-08-11 19:56:37,882 - INFO - 📊 Found setup for EGLD/USDT: Quality=95.0, R/R=7.955931001890317
2025-08-11 19:56:38,788 - INFO - Progress: 300/337 symbols scanned
2025-08-11 19:56:39,200 - INFO - 🔧 Enriching data for HIFI/USDT
2025-08-11 19:56:39,965 - INFO - 📊 Found setup for HIFI/USDT: Quality=80.0, R/R=10.24029503105575
2025-08-11 19:56:40,832 - INFO - 🔧 Enriching data for ZIL/USDT
2025-08-11 19:56:41,609 - INFO - 📊 Found setup for ZIL/USDT: Quality=100, R/R=1.8179347826086871
2025-08-11 19:56:42,429 - INFO - 🔧 Enriching data for CTK/USDT
2025-08-11 19:56:43,216 - INFO - 📊 Found setup for CTK/USDT: Quality=100, R/R=0.37175938428301314
2025-08-11 19:56:44,091 - INFO - 🔧 Enriching data for API3/USDT
2025-08-11 19:56:44,848 - INFO - 📊 Found setup for API3/USDT: Quality=75.0, R/R=10.253057065217389
2025-08-11 19:56:45,266 - INFO - 🔧 Enriching data for UMA/USDT
2025-08-11 19:56:46,024 - INFO - 📊 Found setup for UMA/USDT: Quality=85.0, R/R=5.822628458497944
2025-08-11 19:56:46,025 - INFO - Progress: 310/337 symbols scanned
2025-08-11 19:56:46,652 - INFO - 🔧 Enriching data for SKL/USDT
2025-08-11 19:56:47,417 - INFO - 📊 Found setup for SKL/USDT: Quality=100.0, R/R=3.7617368177613324
2025-08-11 19:56:47,813 - INFO - 🔧 Enriching data for TLM/USDT
2025-08-11 19:56:48,588 - INFO - 📊 Found setup for TLM/USDT: Quality=100, R/R=1.5581521739130515
2025-08-11 19:56:48,999 - INFO - 🔧 Enriching data for NIL/USDT
2025-08-11 19:56:49,754 - INFO - 📊 Found setup for NIL/USDT: Quality=85.0, R/R=4.89463080959519
2025-08-11 19:56:50,159 - INFO - 🔧 Enriching data for HOT/USDT
2025-08-11 19:56:50,924 - INFO - 📊 Found setup for HOT/USDT: Quality=100, R/R=1.6665969899665616
2025-08-11 19:56:51,333 - INFO - 🔧 Enriching data for FLOW/USDT
2025-08-11 19:56:53,250 - INFO - 🔧 Enriching data for TNSR/USDT
2025-08-11 19:56:54,018 - INFO - 📊 Found setup for TNSR/USDT: Quality=90.0, R/R=6.38958810068651
2025-08-11 19:56:54,446 - INFO - Progress: 320/337 symbols scanned
2025-08-11 19:56:55,088 - INFO - 🔧 Enriching data for BIGTIME/USDT
2025-08-11 19:56:55,843 - INFO - 📊 Found setup for BIGTIME/USDT: Quality=90.0, R/R=4.746035805626566
2025-08-11 19:56:56,488 - INFO - 🔧 Enriching data for HMSTR/USDT
2025-08-11 19:56:57,291 - INFO - 📊 Found setup for HMSTR/USDT: Quality=100, R/R=1.3754180602006785
2025-08-11 19:56:57,711 - INFO - 🔧 Enriching data for GPS/USDT
2025-08-11 19:56:58,478 - INFO - 📊 Found setup for GPS/USDT: Quality=100, R/R=1.791007905138329
2025-08-11 19:56:59,979 - INFO - 🔧 Enriching data for ADX/USDT
2025-08-11 19:57:00,987 - INFO - 📊 Found setup for ADX/USDT: Quality=90.0, R/R=5.1890732265446005
2025-08-11 19:57:00,987 - INFO - Progress: 330/337 symbols scanned
2025-08-11 19:57:01,671 - INFO - 🔧 Enriching data for CHR/USDT
2025-08-11 19:57:02,422 - INFO - 📊 Found setup for CHR/USDT: Quality=75.0, R/R=8.253849637681151
2025-08-11 19:57:02,832 - INFO - 🔧 Enriching data for ACE/USDT
2025-08-11 19:57:03,598 - INFO - 📊 Found setup for ACE/USDT: Quality=95.0, R/R=2.9066205533596325
2025-08-11 19:57:04,037 - INFO - 🔧 Enriching data for GAS/USDT
2025-08-11 19:57:04,852 - INFO - 📊 Found setup for GAS/USDT: Quality=100, R/R=0.3396739130434777
2025-08-11 19:57:05,269 - INFO - 🔧 Enriching data for GLMR/USDT
2025-08-11 19:57:06,036 - INFO - 📊 Found setup for GLMR/USDT: Quality=75.0, R/R=6.182065217391364
2025-08-11 19:57:06,671 - INFO - 🔧 Enriching data for POLYX/USDT
2025-08-11 19:57:07,426 - INFO - 📊 Found setup for POLYX/USDT: Quality=80.0, R/R=8.385242474916295
2025-08-11 19:57:07,426 - INFO - Found 137 setups, showing top 20
2025-08-11 19:57:07,427 - INFO - 
🔴 SHORT Signal: FET/USDT
━━━━━━━━━━━━━━━━━━━━━━━━

📊 FVG ZONE:
- Gap High: $0.7230
- Gap Low: $0.7100
- Entry (Midpoint): $0.7165

📈 MARKET STRUCTURE:
- Swing High: $0.6600
- Swing Low: $0.6290
- Swing Range: 4.9%

💹 CURRENT STATUS:
- Price Now: $0.7090
- Distance to Entry: 1.1%
- Action: Wait for rally to entry

🛑 RISK MANAGEMENT:
- Stop Loss: $0.7261 (-1.3%)
- Risk/Reward: 7.1:1

🎯 SMART FIBONACCI TARGETS:
- T1: $0.6482 (+9.5%) [38.2%] - Exit 50%
- T2: $0.6445 (+10.0%) [50%] - Exit 30%
- T3: $0.6356 (+11.3%) [78.6%] - Exit 20%

📈 SETUP QUALITY:
- FVG Score: 100/100
- Fib Confluence: 0/100
- Final Score: 100/100
- Gap Size: 1.8%
- FVG Age: 0 bars
- Volume Surge: Yes ✅
- Category: Others

💡 Strategy: R21 FVG + Smart Fibonacci
⏰ Time: 2025-08-11 19:53

2025-08-11 19:57:07,427 - INFO - 
🔴 SHORT Signal: BERA/USDT
━━━━━━━━━━━━━━━━━━━━━━━━

📊 FVG ZONE:
- Gap High: $2.0590
- Gap Low: $2.0260
- Entry (Midpoint): $2.0425

📈 MARKET STRUCTURE:
- Swing High: $1.9130
- Swing Low: $1.8150
- Swing Range: 5.4%

💹 CURRENT STATUS:
- Price Now: $2.0080
- Distance to Entry: 1.7%
- Action: Wait for rally to entry

🛑 RISK MANAGEMENT:
- Stop Loss: $2.0668 (-1.2%)
- Risk/Reward: 6.9:1

🎯 SMART FIBONACCI TARGETS:
- T1: $1.8756 (+8.2%) [38.2%] - Exit 50%
- T2: $1.8640 (+8.7%) [50%] - Exit 30%
- T3: $1.8360 (+10.1%) [78.6%] - Exit 20%

📈 SETUP QUALITY:
- FVG Score: 100/100
- Fib Confluence: 0/100
- Final Score: 100/100
- Gap Size: 1.6%
- FVG Age: 0 bars
- Volume Surge: Yes ✅
- Category: Others

💡 Strategy: R21 FVG + Smart Fibonacci
⏰ Time: 2025-08-11 19:54

2025-08-11 19:57:07,427 - INFO - 
🔴 SHORT Signal: XAI/USDT
━━━━━━━━━━━━━━━━━━━━━━━━

📊 FVG ZONE:
- Gap High: $0.0539
- Gap Low: $0.0531
- Entry (Midpoint): $0.0535

📈 MARKET STRUCTURE:
- Swing High: $0.0510
- Swing Low: $0.0477
- Swing Range: 6.9%

💹 CURRENT STATUS:
- Price Now: $0.0528
- Distance to Entry: 1.3%
- Action: Wait for rally to entry

🛑 RISK MANAGEMENT:
- Stop Loss: $0.0541 (-1.1%)
- Risk/Reward: 6.4:1

🎯 SMART FIBONACCI TARGETS:
- T1: $0.0497 (+7.0%) [38.2%] - Exit 50%
- T2: $0.0493 (+7.8%) [50%] - Exit 30%
- T3: $0.0484 (+9.5%) [78.6%] - Exit 20%

📈 SETUP QUALITY:
- FVG Score: 100/100
- Fib Confluence: 0/100
- Final Score: 100/100
- Gap Size: 1.5%
- FVG Age: 0 bars
- Volume Surge: Yes ✅
- Category: Others

💡 Strategy: R21 FVG + Smart Fibonacci
⏰ Time: 2025-08-11 19:55

2025-08-11 19:57:07,427 - INFO - 
🔴 SHORT Signal: STO/USDT
━━━━━━━━━━━━━━━━━━━━━━━━

📊 FVG ZONE:
- Gap High: $0.0935
- Gap Low: $0.0927
- Entry (Midpoint): $0.0931

📈 MARKET STRUCTURE:
- Swing High: $0.0901
- Swing Low: $0.0915
- Swing Range: 1.5%

💹 CURRENT STATUS:
- Price Now: $0.0923
- Distance to Entry: 0.9%
- Action: Enter SHORT now (at FVG midpoint)

🛑 RISK MANAGEMENT:
- Stop Loss: $0.0937 (-0.6%)
- Risk/Reward: 6.0:1

🎯 SMART FIBONACCI TARGETS:
- T1: $0.0896 (+3.8%) [23.6%] - Exit 50%
- T2: $0.0894 (+4.0%) [23.6%] - Exit 30%
- T3: $0.0890 (+4.4%) [23.6%] - Exit 20%

📈 SETUP QUALITY:
- FVG Score: 80/100
- Fib Confluence: 20/100
- Final Score: 100/100
- Gap Size: 0.9%
- FVG Age: 0 bars
- Volume Surge: Yes ✅
- Category: Others

💡 Strategy: R21 FVG + Smart Fibonacci
⏰ Time: 2025-08-11 19:56

2025-08-11 19:57:07,427 - INFO - 
🔴 SHORT Signal: SUPER/USDT
━━━━━━━━━━━━━━━━━━━━━━━━

📊 FVG ZONE:
- Gap High: $0.7887
- Gap Low: $0.7723
- Entry (Midpoint): $0.7805

📈 MARKET STRUCTURE:
- Swing High: $0.7163
- Swing Low: $0.6956
- Swing Range: 3.0%

💹 CURRENT STATUS:
- Price Now: $0.7688
- Distance to Entry: 1.5%
- Action: Wait for rally to entry

🛑 RISK MANAGEMENT:
- Stop Loss: $0.7926 (-1.5%)
- Risk/Reward: 6.0:1

🎯 SMART FIBONACCI TARGETS:
- T1: $0.7084 (+9.2%) [38.2%] - Exit 50%
- T2: $0.7060 (+9.6%) [50%] - Exit 30%
- T3: $0.7000 (+10.3%) [78.6%] - Exit 20%

📈 SETUP QUALITY:
- FVG Score: 100/100
- Fib Confluence: 0/100
- Final Score: 100/100
- Gap Size: 2.1%
- FVG Age: 0 bars
- Volume Surge: Yes ✅
- Category: Others

💡 Strategy: R21 FVG + Smart Fibonacci
⏰ Time: 2025-08-11 19:55

2025-08-11 19:57:07,427 - INFO - 
🔴 SHORT Signal: MINA/USDT
━━━━━━━━━━━━━━━━━━━━━━━━

📊 FVG ZONE:
- Gap High: $0.1989
- Gap Low: $0.1959
- Entry (Midpoint): $0.1974

📈 MARKET STRUCTURE:
- Swing High: $0.1886
- Swing Low: $0.1786
- Swing Range: 5.6%

💹 CURRENT STATUS:
- Price Now: $0.1946
- Distance to Entry: 1.4%
- Action: Wait for rally to entry

🛑 RISK MANAGEMENT:
- Stop Loss: $0.1996 (-1.1%)
- Risk/Reward: 5.7:1

🎯 SMART FIBONACCI TARGETS:
- T1: $0.1848 (+6.4%) [38.2%] - Exit 50%
- T2: $0.1836 (+7.0%) [50%] - Exit 30%
- T3: $0.1807 (+8.4%) [78.6%] - Exit 20%

📈 SETUP QUALITY:
- FVG Score: 100/100
- Fib Confluence: 0/100
- Final Score: 100/100
- Gap Size: 1.5%
- FVG Age: 0 bars
- Volume Surge: Yes ✅
- Category: Others

💡 Strategy: R21 FVG + Smart Fibonacci
⏰ Time: 2025-08-11 19:55

2025-08-11 19:57:07,427 - INFO - 
🔴 SHORT Signal: DYM/USDT
━━━━━━━━━━━━━━━━━━━━━━━━

📊 FVG ZONE:
- Gap High: $0.2690
- Gap Low: $0.2650
- Entry (Midpoint): $0.2670

📈 MARKET STRUCTURE:
- Swing High: $0.2570
- Swing Low: $0.2410
- Swing Range: 6.6%

💹 CURRENT STATUS:
- Price Now: $0.2620
- Distance to Entry: 1.9%
- Action: Wait for rally to entry

🛑 RISK MANAGEMENT:
- Stop Loss: $0.2699 (-1.1%)
- Risk/Reward: 5.5:1

🎯 SMART FIBONACCI TARGETS:
- T1: $0.2509 (+6.0%) [38.2%] - Exit 50%
- T2: $0.2490 (+6.7%) [50%] - Exit 30%
- T3: $0.2444 (+8.5%) [78.6%] - Exit 20%

📈 SETUP QUALITY:
- FVG Score: 100/100
- Fib Confluence: 0/100
- Final Score: 100/100
- Gap Size: 1.5%
- FVG Age: 0 bars
- Volume Surge: Yes ✅
- Category: Others

💡 Strategy: R21 FVG + Smart Fibonacci
⏰ Time: 2025-08-11 19:56

2025-08-11 19:57:07,427 - INFO - 
🔴 SHORT Signal: ALT/USDT
━━━━━━━━━━━━━━━━━━━━━━━━

📊 FVG ZONE:
- Gap High: $0.0368
- Gap Low: $0.0362
- Entry (Midpoint): $0.0365

📈 MARKET STRUCTURE:
- Swing High: $0.0345
- Swing Low: $0.0358
- Swing Range: 3.8%

💹 CURRENT STATUS:
- Price Now: $0.0361
- Distance to Entry: 1.2%
- Action: Wait for rally to entry

🛑 RISK MANAGEMENT:
- Stop Loss: $0.0370 (-1.3%)
- Risk/Reward: 5.4:1

🎯 SMART FIBONACCI TARGETS:
- T1: $0.0339 (+7.0%) [23.6%] - Exit 50%
- T2: $0.0338 (+7.5%) [23.6%] - Exit 30%
- T3: $0.0334 (+8.5%) [23.6%] - Exit 20%

📈 SETUP QUALITY:
- FVG Score: 85/100
- Fib Confluence: 20/100
- Final Score: 100/100
- Gap Size: 1.8%
- FVG Age: 0 bars
- Volume Surge: Yes ✅
- Category: Others

💡 Strategy: R21 FVG + Smart Fibonacci
⏰ Time: 2025-08-11 19:54

2025-08-11 19:57:07,427 - INFO - 
🔴 SHORT Signal: LRC/USDT
━━━━━━━━━━━━━━━━━━━━━━━━

📊 FVG ZONE:
- Gap High: $0.0900
- Gap Low: $0.0884
- Entry (Midpoint): $0.0892

📈 MARKET STRUCTURE:
- Swing High: $0.0844
- Swing Low: $0.0806
- Swing Range: 4.7%

💹 CURRENT STATUS:
- Price Now: $0.0877
- Distance to Entry: 1.7%
- Action: Wait for rally to entry

🛑 RISK MANAGEMENT:
- Stop Loss: $0.0904 (-1.3%)
- Risk/Reward: 5.3:1

🎯 SMART FIBONACCI TARGETS:
- T1: $0.0829 (+7.0%) [38.2%] - Exit 50%
- T2: $0.0825 (+7.5%) [50%] - Exit 30%
- T3: $0.0814 (+8.7%) [78.6%] - Exit 20%

📈 SETUP QUALITY:
- FVG Score: 100/100
- Fib Confluence: 0/100
- Final Score: 100/100
- Gap Size: 1.8%
- FVG Age: 0 bars
- Volume Surge: Yes ✅
- Category: Layer 2/Scaling

💡 Strategy: R21 FVG + Smart Fibonacci
⏰ Time: 2025-08-11 19:56

2025-08-11 19:57:07,427 - INFO - 
🔴 SHORT Signal: NFP/USDT
━━━━━━━━━━━━━━━━━━━━━━━━

📊 FVG ZONE:
- Gap High: $0.0749
- Gap Low: $0.0729
- Entry (Midpoint): $0.0739

📈 MARKET STRUCTURE:
- Swing High: $0.0677
- Swing Low: $0.0635
- Swing Range: 6.6%

💹 CURRENT STATUS:
- Price Now: $0.0728
- Distance to Entry: 1.5%
- Action: Wait for rally to entry

🛑 RISK MANAGEMENT:
- Stop Loss: $0.0754 (-2.0%)
- Risk/Reward: 5.3:1

🎯 SMART FIBONACCI TARGETS:
- T1: $0.0661 (+10.6%) [38.2%] - Exit 50%
- T2: $0.0656 (+11.2%) [50%] - Exit 30%
- T3: $0.0644 (+12.9%) [78.6%] - Exit 20%

📈 SETUP QUALITY:
- FVG Score: 100/100
- Fib Confluence: 0/100
- Final Score: 100/100
- Gap Size: 2.7%
- FVG Age: 0 bars
- Volume Surge: Yes ✅
- Category: Others

💡 Strategy: R21 FVG + Smart Fibonacci
⏰ Time: 2025-08-11 19:55

2025-08-11 19:57:07,427 - INFO - 
🔴 SHORT Signal: AEVO/USDT
━━━━━━━━━━━━━━━━━━━━━━━━

📊 FVG ZONE:
- Gap High: $0.1014
- Gap Low: $0.0998
- Entry (Midpoint): $0.1006

📈 MARKET STRUCTURE:
- Swing High: $0.0964
- Swing Low: $0.0916
- Swing Range: 5.2%

💹 CURRENT STATUS:
- Price Now: $0.0987
- Distance to Entry: 1.9%
- Action: Wait for rally to entry

🛑 RISK MANAGEMENT:
- Stop Loss: $0.1018 (-1.2%)
- Risk/Reward: 5.1:1

🎯 SMART FIBONACCI TARGETS:
- T1: $0.0946 (+6.0%) [38.2%] - Exit 50%
- T2: $0.0940 (+6.6%) [50%] - Exit 30%
- T3: $0.0926 (+7.9%) [78.6%] - Exit 20%

📈 SETUP QUALITY:
- FVG Score: 100/100
- Fib Confluence: 0/100
- Final Score: 100/100
- Gap Size: 1.6%
- FVG Age: 0 bars
- Volume Surge: Yes ✅
- Category: Others

💡 Strategy: R21 FVG + Smart Fibonacci
⏰ Time: 2025-08-11 19:56

2025-08-11 19:57:07,427 - INFO - 
🟢 LONG Signal: ARB/USDT
━━━━━━━━━━━━━━━━━━━━━━━━

📊 FVG ZONE:
- Gap High: $0.4542
- Gap Low: $0.4403
- Entry (Midpoint): $0.4473

📈 MARKET STRUCTURE:
- Swing High: $0.3932
- Swing Low: $0.3857
- Swing Range: 1.9%

💹 CURRENT STATUS:
- Price Now: $0.4534
- Distance to Entry: -1.3%
- Action: Wait for pullback to entry

🛑 RISK MANAGEMENT:
- Stop Loss: $0.4370 (-2.3%)
- Risk/Reward: 5.1:1

🎯 SMART FIBONACCI TARGETS:
- T1: $0.3952 (+11.6%) [127.2%] - Exit 50%
- T2: $0.3978 (+11.0%) [161.8%] - Exit 30%
- T3: $0.4007 (+10.4%) [200%+] - Exit 20%

📈 SETUP QUALITY:
- FVG Score: 90/100
- Fib Confluence: 0/100
- Final Score: 100/100
- Gap Size: 3.2%
- FVG Age: 13 bars
- Volume Surge: Yes ✅
- Category: Layer 2/Scaling

💡 Strategy: R21 FVG + Smart Fibonacci
⏰ Time: 2025-08-11 19:53

2025-08-11 19:57:07,427 - INFO - 
🔴 SHORT Signal: WIF/USDT
━━━━━━━━━━━━━━━━━━━━━━━━

📊 FVG ZONE:
- Gap High: $0.9750
- Gap Low: $0.9620
- Entry (Midpoint): $0.9685

📈 MARKET STRUCTURE:
- Swing High: $0.9390
- Swing Low: $0.8930
- Swing Range: 5.2%

💹 CURRENT STATUS:
- Price Now: $0.9530
- Distance to Entry: 1.6%
- Action: Wait for rally to entry

🛑 RISK MANAGEMENT:
- Stop Loss: $0.9781 (-1.0%)
- Risk/Reward: 4.9:1

🎯 SMART FIBONACCI TARGETS:
- T1: $0.9214 (+4.9%) [38.2%] - Exit 50%
- T2: $0.9160 (+5.4%) [50%] - Exit 30%
- T3: $0.9028 (+6.8%) [78.6%] - Exit 20%

📈 SETUP QUALITY:
- FVG Score: 90/100
- Fib Confluence: 0/100
- Final Score: 100/100
- Gap Size: 1.4%
- FVG Age: 0 bars
- Volume Surge: Yes ✅
- Category: Meme/Community

💡 Strategy: R21 FVG + Smart Fibonacci
⏰ Time: 2025-08-11 19:53

2025-08-11 19:57:07,427 - INFO - 
🔴 SHORT Signal: WLD/USDT
━━━━━━━━━━━━━━━━━━━━━━━━

📊 FVG ZONE:
- Gap High: $1.0650
- Gap Low: $1.0420
- Entry (Midpoint): $1.0535

📈 MARKET STRUCTURE:
- Swing High: $0.9790
- Swing Low: $0.9660
- Swing Range: 1.3%

💹 CURRENT STATUS:
- Price Now: $1.0340
- Distance to Entry: 1.9%
- Action: Wait for rally to entry

🛑 RISK MANAGEMENT:
- Stop Loss: $1.0704 (-1.6%)
- Risk/Reward: 4.7:1

🎯 SMART FIBONACCI TARGETS:
- T1: $0.9740 (+7.5%) [38.2%] - Exit 50%
- T2: $0.9725 (+7.7%) [50%] - Exit 30%
- T3: $0.9688 (+8.0%) [78.6%] - Exit 20%

📈 SETUP QUALITY:
- FVG Score: 100/100
- Fib Confluence: 0/100
- Final Score: 100/100
- Gap Size: 2.2%
- FVG Age: 0 bars
- Volume Surge: Yes ✅
- Category: Others

💡 Strategy: R21 FVG + Smart Fibonacci
⏰ Time: 2025-08-11 19:53

2025-08-11 19:57:07,428 - INFO - 
🔴 SHORT Signal: PYR/USDT
━━━━━━━━━━━━━━━━━━━━━━━━

📊 FVG ZONE:
- Gap High: $1.1740
- Gap Low: $1.1650
- Entry (Midpoint): $1.1695

📈 MARKET STRUCTURE:
- Swing High: $1.1600
- Swing Low: $1.1050
- Swing Range: 5.0%

💹 CURRENT STATUS:
- Price Now: $1.1590
- Distance to Entry: 0.9%
- Action: Enter SHORT now (at FVG midpoint)

🛑 RISK MANAGEMENT:
- Stop Loss: $1.1761 (-0.6%)
- Risk/Reward: 4.6:1

🎯 SMART FIBONACCI TARGETS:
- T1: $1.1390 (+2.6%) [38.2%] - Exit 50%
- T2: $1.1325 (+3.2%) [50%] - Exit 30%
- T3: $1.1168 (+4.5%) [78.6%] - Exit 20%

📈 SETUP QUALITY:
- FVG Score: 80/100
- Fib Confluence: 20/100
- Final Score: 100/100
- Gap Size: 0.8%
- FVG Age: 0 bars
- Volume Surge: Yes ✅
- Category: Others

💡 Strategy: R21 FVG + Smart Fibonacci
⏰ Time: 2025-08-11 19:56

2025-08-11 19:57:07,428 - INFO - 
🔴 SHORT Signal: LPT/USDT
━━━━━━━━━━━━━━━━━━━━━━━━

📊 FVG ZONE:
- Gap High: $6.8760
- Gap Low: $6.7590
- Entry (Midpoint): $6.8175

📈 MARKET STRUCTURE:
- Swing High: $6.4990
- Swing Low: $6.6640
- Swing Range: 2.5%

💹 CURRENT STATUS:
- Price Now: $6.7140
- Distance to Entry: 1.5%
- Action: Wait for rally to entry

🛑 RISK MANAGEMENT:
- Stop Loss: $6.9036 (-1.3%)
- Risk/Reward: 4.4:1

🎯 SMART FIBONACCI TARGETS:
- T1: $6.4360 (+5.6%) [23.6%] - Exit 50%
- T2: $6.4165 (+5.9%) [23.6%] - Exit 30%
- T3: $6.3693 (+6.6%) [23.6%] - Exit 20%

📈 SETUP QUALITY:
- FVG Score: 100/100
- Fib Confluence: 0/100
- Final Score: 100/100
- Gap Size: 1.7%
- FVG Age: 0 bars
- Volume Surge: Yes ✅
- Category: Others

💡 Strategy: R21 FVG + Smart Fibonacci
⏰ Time: 2025-08-11 19:55

2025-08-11 19:57:07,428 - INFO - 
🔴 SHORT Signal: FIL/USDT
━━━━━━━━━━━━━━━━━━━━━━━━

📊 FVG ZONE:
- Gap High: $2.5980
- Gap Low: $2.5510
- Entry (Midpoint): $2.5745

📈 MARKET STRUCTURE:
- Swing High: $2.4560
- Swing Low: $2.3670
- Swing Range: 3.8%

💹 CURRENT STATUS:
- Price Now: $2.5420
- Distance to Entry: 1.3%
- Action: Wait for rally to entry

🛑 RISK MANAGEMENT:
- Stop Loss: $2.6091 (-1.3%)
- Risk/Reward: 4.4:1

🎯 SMART FIBONACCI TARGETS:
- T1: $2.4220 (+5.9%) [38.2%] - Exit 50%
- T2: $2.4115 (+6.3%) [50%] - Exit 30%
- T3: $2.3860 (+7.3%) [78.6%] - Exit 20%

📈 SETUP QUALITY:
- FVG Score: 100/100
- Fib Confluence: 0/100
- Final Score: 100/100
- Gap Size: 1.8%
- FVG Age: 0 bars
- Volume Surge: Yes ✅
- Category: Infrastructure

💡 Strategy: R21 FVG + Smart Fibonacci
⏰ Time: 2025-08-11 19:54

2025-08-11 19:57:07,428 - INFO - 
🔴 SHORT Signal: FIDA/USDT
━━━━━━━━━━━━━━━━━━━━━━━━

📊 FVG ZONE:
- Gap High: $0.1041
- Gap Low: $0.1021
- Entry (Midpoint): $0.1031

📈 MARKET STRUCTURE:
- Swing High: $0.0985
- Swing Low: $0.1028
- Swing Range: 4.2%

💹 CURRENT STATUS:
- Price Now: $0.1017
- Distance to Entry: 1.4%
- Action: Wait for rally to entry

🛑 RISK MANAGEMENT:
- Stop Loss: $0.1046 (-1.4%)
- Risk/Reward: 4.2:1

🎯 SMART FIBONACCI TARGETS:
- T1: $0.0969 (+6.1%) [23.6%] - Exit 50%
- T2: $0.0964 (+6.5%) [23.6%] - Exit 30%
- T3: $0.0951 (+7.7%) [23.6%] - Exit 20%

📈 SETUP QUALITY:
- FVG Score: 85/100
- Fib Confluence: 20/100
- Final Score: 100/100
- Gap Size: 2.0%
- FVG Age: 0 bars
- Volume Surge: Yes ✅
- Category: Others

💡 Strategy: R21 FVG + Smart Fibonacci
⏰ Time: 2025-08-11 19:55

2025-08-11 19:57:07,428 - INFO - 
🔴 SHORT Signal: TAO/USDT
━━━━━━━━━━━━━━━━━━━━━━━━

📊 FVG ZONE:
- Gap High: $384.2000
- Gap Low: $376.1000
- Entry (Midpoint): $380.1500

📈 MARKET STRUCTURE:
- Swing High: $360.8000
- Swing Low: $348.2000
- Swing Range: 3.6%

💹 CURRENT STATUS:
- Price Now: $373.7000
- Distance to Entry: 1.7%
- Action: Wait for rally to entry

🛑 RISK MANAGEMENT:
- Stop Loss: $386.1116 (-1.6%)
- Risk/Reward: 4.1:1

🎯 SMART FIBONACCI TARGETS:
- T1: $355.9868 (+6.4%) [38.2%] - Exit 50%
- T2: $354.5000 (+6.7%) [50%] - Exit 30%
- T3: $350.8964 (+7.7%) [78.6%] - Exit 20%

📈 SETUP QUALITY:
- FVG Score: 100/100
- Fib Confluence: 0/100
- Final Score: 100/100
- Gap Size: 2.2%
- FVG Age: 0 bars
- Volume Surge: Yes ✅
- Category: Others

💡 Strategy: R21 FVG + Smart Fibonacci
⏰ Time: 2025-08-11 19:53

2025-08-11 19:57:07,428 - INFO - 
🔴 SHORT Signal: ZEC/USDT
━━━━━━━━━━━━━━━━━━━━━━━━

📊 FVG ZONE:
- Gap High: $39.2000
- Gap Low: $38.3700
- Entry (Midpoint): $38.7850

📈 MARKET STRUCTURE:
- Swing High: $36.7800
- Swing Low: $35.7600
- Swing Range: 2.9%

💹 CURRENT STATUS:
- Price Now: $38.1600
- Distance to Entry: 1.6%
- Action: Wait for rally to entry

🛑 RISK MANAGEMENT:
- Stop Loss: $39.3959 (-1.6%)
- Risk/Reward: 3.9:1

🎯 SMART FIBONACCI TARGETS:
- T1: $36.3904 (+6.2%) [38.2%] - Exit 50%
- T2: $36.2700 (+6.5%) [50%] - Exit 30%
- T3: $35.9783 (+7.2%) [78.6%] - Exit 20%

📈 SETUP QUALITY:
- FVG Score: 100/100
- Fib Confluence: 0/100
- Final Score: 100/100
- Gap Size: 2.2%
- FVG Age: 0 bars
- Volume Surge: Yes ✅
- Category: Others

💡 Strategy: R21 FVG + Smart Fibonacci
⏰ Time: 2025-08-11 19:56

2025-08-11 19:57:07,428 - INFO - Scan complete. Found 137 high-quality setups, displayed 20
2025-08-11 19:57:07,428 - INFO - Performance Stats: {'total_scans': 3, 'setups_found': 137, 'alerts_sent': 120}
2025-08-11 19:57:07,428 - INFO - Next scan in 900 seconds...
2025-08-11 20:12:07,477 - INFO - Starting scan of top 500 symbols...
2025-08-11 20:12:07,483 - WARNING - ⚠️ Database not connected - running in offline mode
2025-08-11 20:12:07,483 - WARNING - Results will not be saved to database
2025-08-11 20:12:07,483 - INFO - 📝 Running without database logging (offline mode)
2025-08-11 20:12:07,984 - INFO - Scanning 338 symbols
2025-08-11 20:12:07,985 - INFO - Progress: 0/338 symbols scanned
2025-08-11 20:12:08,434 - INFO - 🔧 Enriching data for BTC/USDT
2025-08-11 20:12:09,230 - INFO - 📊 Found setup for BTC/USDT: Quality=100, R/R=1.3966850088299396
2025-08-11 20:12:09,647 - INFO - 🔧 Enriching data for ETH/USDT
2025-08-11 20:12:10,421 - INFO - 📊 Found setup for ETH/USDT: Quality=88.0, R/R=18.678037255025554
2025-08-11 20:12:11,267 - INFO - 🔧 Enriching data for SOL/USDT
2025-08-11 20:12:12,026 - INFO - 📊 Found setup for SOL/USDT: Quality=82.5, R/R=7.564104098831704
2025-08-11 20:12:12,452 - INFO - 🔧 Enriching data for XRP/USDT
2025-08-11 20:12:13,224 - INFO - 📊 Found setup for XRP/USDT: Quality=100, R/R=0.32467488354037305
2025-08-11 20:12:14,379 - INFO - 🔧 Enriching data for SUI/USDT
2025-08-11 20:12:15,147 - INFO - 📊 Found setup for SUI/USDT: Quality=100, R/R=2.5136231195238867
2025-08-11 20:12:15,147 - INFO - Progress: 10/338 symbols scanned
2025-08-11 20:12:15,581 - INFO - 🔧 Enriching data for TREE/USDT
2025-08-11 20:12:16,354 - INFO - 📊 Found setup for TREE/USDT: Quality=100, R/R=1.6336577350859522
2025-08-11 20:12:16,774 - INFO - 🔧 Enriching data for PEPE/USDT
2025-08-11 20:12:17,535 - INFO - 📊 Found setup for PEPE/USDT: Quality=100, R/R=1.7466787439613665
2025-08-11 20:12:18,158 - INFO - 🔧 Enriching data for ADA/USDT
2025-08-11 20:12:18,936 - INFO - 📊 Found setup for ADA/USDT: Quality=99.00000000000001, R/R=9.413412506709596
2025-08-11 20:12:19,796 - INFO - 🔧 Enriching data for PENGU/USDT
2025-08-11 20:12:20,574 - INFO - 📊 Found setup for PENGU/USDT: Quality=85.0, R/R=3.7845620919572154
2025-08-11 20:12:21,248 - INFO - Progress: 20/338 symbols scanned
2025-08-11 20:12:22,302 - INFO - 🔧 Enriching data for PENDLE/USDT
2025-08-11 20:12:23,054 - INFO - 📊 Found setup for PENDLE/USDT: Quality=100, R/R=0.27511528326743856
2025-08-11 20:12:23,908 - INFO - 🔧 Enriching data for WIF/USDT
2025-08-11 20:12:24,683 - INFO - 📊 Found setup for WIF/USDT: Quality=100, R/R=4.91973244147155
2025-08-11 20:12:25,108 - INFO - 🔧 Enriching data for TRUMP/USDT
2025-08-11 20:12:25,873 - INFO - 📊 Found setup for TRUMP/USDT: Quality=90.0, R/R=2.719882246376815
2025-08-11 20:12:26,525 - INFO - 🔧 Enriching data for AAVE/USDT
2025-08-11 20:12:27,289 - INFO - 📊 Found setup for AAVE/USDT: Quality=81.0, R/R=8.032419918925402
2025-08-11 20:12:27,292 - INFO - Progress: 30/338 symbols scanned
2025-08-11 20:12:27,700 - INFO - 🔧 Enriching data for CRV/USDT
2025-08-11 20:12:28,460 - INFO - 📊 Found setup for CRV/USDT: Quality=90.0, R/R=4.290739043129013
2025-08-11 20:12:29,340 - INFO - 🔧 Enriching data for WLD/USDT
2025-08-11 20:12:30,619 - INFO - 📊 Found setup for WLD/USDT: Quality=100.0, R/R=4.694352551984933
2025-08-11 20:12:31,270 - INFO - 🔧 Enriching data for HBAR/USDT
2025-08-11 20:12:32,368 - INFO - 📊 Found setup for HBAR/USDT: Quality=100.0, R/R=3.83497001499246
2025-08-11 20:12:33,017 - INFO - 🔧 Enriching data for NEAR/USDT
2025-08-11 20:12:33,786 - INFO - 📊 Found setup for NEAR/USDT: Quality=99.0, R/R=11.350271739130255
2025-08-11 20:12:34,254 - INFO - Progress: 40/338 symbols scanned
2025-08-11 20:12:35,154 - INFO - 🔧 Enriching data for VIRTUAL/USDT
2025-08-11 20:12:35,940 - INFO - 📊 Found setup for VIRTUAL/USDT: Quality=90.0, R/R=13.577291573285725
2025-08-11 20:12:36,600 - INFO - 🔧 Enriching data for DOT/USDT
2025-08-11 20:12:38,066 - INFO - 🔧 Enriching data for TAO/USDT
2025-08-11 20:12:38,821 - INFO - 📊 Found setup for TAO/USDT: Quality=100.0, R/R=4.0531400966183675
2025-08-11 20:12:39,241 - INFO - 🔧 Enriching data for SHIB/USDT
2025-08-11 20:12:40,004 - INFO - 📊 Found setup for SHIB/USDT: Quality=100, R/R=1.672154731457801
2025-08-11 20:12:40,635 - INFO - 🔧 Enriching data for FLOKI/USDT
2025-08-11 20:12:41,390 - INFO - 📊 Found setup for FLOKI/USDT: Quality=100, R/R=0.0535102072619618
2025-08-11 20:12:41,390 - INFO - Progress: 50/338 symbols scanned
2025-08-11 20:12:41,806 - INFO - 🔧 Enriching data for CFX/USDT
2025-08-11 20:12:42,581 - INFO - 📊 Found setup for CFX/USDT: Quality=100, R/R=0.13652832674572538
2025-08-11 20:12:43,770 - INFO - 🔧 Enriching data for TIA/USDT
2025-08-11 20:12:44,541 - INFO - 📊 Found setup for TIA/USDT: Quality=100.0, R/R=6.273519490254797
2025-08-11 20:12:45,213 - INFO - 🔧 Enriching data for FET/USDT
2025-08-11 20:12:46,312 - INFO - 📊 Found setup for FET/USDT: Quality=100.0, R/R=5.818143812709
2025-08-11 20:12:46,747 - INFO - 🔧 Enriching data for STG/USDT
2025-08-11 20:12:47,529 - INFO - 📊 Found setup for STG/USDT: Quality=100.0, R/R=14.548913043478203
2025-08-11 20:12:47,975 - INFO - Progress: 60/338 symbols scanned
2025-08-11 20:12:48,837 - INFO - 🔧 Enriching data for FIL/USDT
2025-08-11 20:12:49,596 - INFO - 📊 Found setup for FIL/USDT: Quality=100.0, R/R=4.408475948196121
2025-08-11 20:12:50,872 - INFO - 🔧 Enriching data for ALGO/USDT
2025-08-11 20:12:51,652 - INFO - 📊 Found setup for ALGO/USDT: Quality=100, R/R=1.520724201152446
2025-08-11 20:12:52,092 - INFO - Progress: 70/338 symbols scanned
2025-08-11 20:12:53,225 - INFO - 🔧 Enriching data for ASR/USDT
2025-08-11 20:12:54,013 - INFO - 📊 Found setup for ASR/USDT: Quality=85.0, R/R=2.694746376811579
2025-08-11 20:12:54,991 - INFO - 🔧 Enriching data for AIXBT/USDT
2025-08-11 20:12:55,764 - INFO - 📊 Found setup for AIXBT/USDT: Quality=85.0, R/R=5.361572890025609
2025-08-11 20:12:56,604 - INFO - 🔧 Enriching data for A2Z/USDT
2025-08-11 20:12:57,356 - INFO - 📊 Found setup for A2Z/USDT: Quality=100, R/R=4.65432025834905
2025-08-11 20:12:57,596 - INFO - Progress: 80/338 symbols scanned
2025-08-11 20:12:58,643 - INFO - 🔧 Enriching data for VET/USDT
2025-08-11 20:12:59,434 - INFO - 📊 Found setup for VET/USDT: Quality=90.0, R/R=4.64346227621487
2025-08-11 20:13:00,768 - INFO - 🔧 Enriching data for ACT/USDT
2025-08-11 20:13:01,536 - INFO - 📊 Found setup for ACT/USDT: Quality=95.0, R/R=1.2864906832298135
2025-08-11 20:13:02,350 - INFO - 🔧 Enriching data for MAV/USDT
2025-08-11 20:13:03,124 - INFO - 📊 Found setup for MAV/USDT: Quality=75.0, R/R=13.117697010869604
2025-08-11 20:13:03,348 - INFO - Progress: 90/338 symbols scanned
2025-08-11 20:13:04,956 - INFO - 🔧 Enriching data for WBTC/USDT
2025-08-11 20:13:05,759 - INFO - 📊 Found setup for WBTC/USDT: Quality=100, R/R=1.131007349108053
2025-08-11 20:13:06,386 - INFO - 🔧 Enriching data for HYPER/USDT
2025-08-11 20:13:07,215 - INFO - 📊 Found setup for HYPER/USDT: Quality=100, R/R=0.4632129499766253
2025-08-11 20:13:07,649 - INFO - 🔧 Enriching data for C/USDT
2025-08-11 20:13:08,417 - INFO - 📊 Found setup for C/USDT: Quality=85.0, R/R=3.02768928035981
2025-08-11 20:13:08,867 - INFO - Progress: 100/338 symbols scanned
2025-08-11 20:13:10,125 - INFO - 🔧 Enriching data for ACH/USDT
2025-08-11 20:13:10,883 - INFO - 📊 Found setup for ACH/USDT: Quality=80.0, R/R=13.555778032036764
2025-08-11 20:13:11,737 - INFO - 🔧 Enriching data for PEOPLE/USDT
2025-08-11 20:13:12,560 - INFO - 📊 Found setup for PEOPLE/USDT: Quality=80.0, R/R=10.981521739130427
2025-08-11 20:13:13,213 - INFO - 🔧 Enriching data for INIT/USDT
2025-08-11 20:13:13,986 - INFO - 📊 Found setup for INIT/USDT: Quality=100, R/R=2.9063513951979103
2025-08-11 20:13:13,987 - INFO - Progress: 110/338 symbols scanned
2025-08-11 20:13:14,414 - INFO - 🔧 Enriching data for 1INCH/USDT
2025-08-11 20:13:15,192 - INFO - 📊 Found setup for 1INCH/USDT: Quality=100, R/R=1.7880434782608854
2025-08-11 20:13:15,638 - INFO - 🔧 Enriching data for COOKIE/USDT
2025-08-11 20:13:16,401 - INFO - 📊 Found setup for COOKIE/USDT: Quality=100.0, R/R=1.9970355731225358
2025-08-11 20:13:16,829 - INFO - 🔧 Enriching data for OMNI/USDT
2025-08-11 20:13:17,943 - INFO - 📊 Found setup for OMNI/USDT: Quality=100, R/R=0.1069373401534502
2025-08-11 20:13:18,383 - INFO - 🔧 Enriching data for WCT/USDT
2025-08-11 20:13:19,137 - INFO - 📊 Found setup for WCT/USDT: Quality=100, R/R=5.301387810558999
2025-08-11 20:13:20,006 - INFO - 🔧 Enriching data for KAVA/USDT
2025-08-11 20:13:20,855 - INFO - 📊 Found setup for KAVA/USDT: Quality=100.0, R/R=1.6302334943639156
2025-08-11 20:13:21,632 - INFO - Progress: 120/338 symbols scanned
2025-08-11 20:13:22,911 - INFO - 🔧 Enriching data for USUAL/USDT
2025-08-11 20:13:23,826 - INFO - 📊 Found setup for USUAL/USDT: Quality=75.0, R/R=7.793206521739143
2025-08-11 20:13:24,441 - INFO - 🔧 Enriching data for HFT/USDT
2025-08-11 20:13:25,213 - INFO - 📊 Found setup for HFT/USDT: Quality=90.0, R/R=0.8294030950626367
2025-08-11 20:13:25,656 - INFO - 🔧 Enriching data for IO/USDT
2025-08-11 20:13:26,423 - INFO - 📊 Found setup for IO/USDT: Quality=75.0, R/R=6.5319293478260905
2025-08-11 20:13:27,071 - INFO - 🔧 Enriching data for COMP/USDT
2025-08-11 20:13:27,854 - INFO - 📊 Found setup for COMP/USDT: Quality=94.5, R/R=9.096963423050441
2025-08-11 20:13:27,854 - INFO - Progress: 130/338 symbols scanned
2025-08-11 20:13:28,271 - INFO - 🔧 Enriching data for STRK/USDT
2025-08-11 20:13:29,060 - INFO - 📊 Found setup for STRK/USDT: Quality=90.0, R/R=13.058254076086948
2025-08-11 20:13:31,104 - INFO - 🔧 Enriching data for XTZ/USDT
2025-08-11 20:13:32,513 - INFO - 📊 Found setup for XTZ/USDT: Quality=85.0, R/R=4.728404837316415
2025-08-11 20:13:32,945 - INFO - 🔧 Enriching data for ILV/USDT
2025-08-11 20:13:33,710 - INFO - 📊 Found setup for ILV/USDT: Quality=85.0, R/R=5.2800343249427435
2025-08-11 20:13:34,178 - INFO - 🔧 Enriching data for COW/USDT
2025-08-11 20:13:34,961 - INFO - 📊 Found setup for COW/USDT: Quality=100, R/R=0.1283485062522884
2025-08-11 20:13:34,961 - INFO - Progress: 140/338 symbols scanned
2025-08-11 20:13:35,600 - INFO - 🔧 Enriching data for GRT/USDT
2025-08-11 20:13:36,368 - INFO - 📊 Found setup for GRT/USDT: Quality=100.0, R/R=1.8172554347826022
2025-08-11 20:13:37,210 - INFO - 🔧 Enriching data for BERA/USDT
2025-08-11 20:13:38,034 - INFO - 📊 Found setup for BERA/USDT: Quality=100.0, R/R=6.873188405797013
2025-08-11 20:13:38,428 - INFO - 🔧 Enriching data for ALT/USDT
2025-08-11 20:13:39,243 - INFO - 📊 Found setup for ALT/USDT: Quality=100, R/R=6.411465638148736
2025-08-11 20:13:39,694 - INFO - 🔧 Enriching data for FIO/USDT
2025-08-11 20:13:40,461 - INFO - 📊 Found setup for FIO/USDT: Quality=85.0, R/R=4.638267263427096
2025-08-11 20:13:40,924 - INFO - 🔧 Enriching data for TURBO/USDT
2025-08-11 20:13:41,696 - INFO - 📊 Found setup for TURBO/USDT: Quality=85.0, R/R=10.145920639078058
2025-08-11 20:13:42,163 - INFO - 🔧 Enriching data for MOVR/USDT
2025-08-11 20:13:42,957 - INFO - 📊 Found setup for MOVR/USDT: Quality=100, R/R=1.0120064330080019
2025-08-11 20:13:43,197 - INFO - Progress: 150/338 symbols scanned
2025-08-11 20:13:43,816 - INFO - 🔧 Enriching data for SIGN/USDT
2025-08-11 20:13:44,727 - INFO - 📊 Found setup for SIGN/USDT: Quality=95.0, R/R=1.1106719367589006
2025-08-11 20:13:45,153 - INFO - 🔧 Enriching data for CVX/USDT
2025-08-11 20:13:45,910 - INFO - 📊 Found setup for CVX/USDT: Quality=100, R/R=1.4688283862876197
2025-08-11 20:13:46,541 - INFO - 🔧 Enriching data for STX/USDT
2025-08-11 20:13:47,330 - INFO - 📊 Found setup for STX/USDT: Quality=100.0, R/R=5.910507246376783
2025-08-11 20:13:47,747 - INFO - 🔧 Enriching data for BAR/USDT
2025-08-11 20:13:48,515 - INFO - 📊 Found setup for BAR/USDT: Quality=100, R/R=0.24788647342994752
2025-08-11 20:13:49,608 - INFO - 🔧 Enriching data for LPT/USDT
2025-08-11 20:13:50,399 - INFO - 📊 Found setup for LPT/USDT: Quality=100.0, R/R=5.442052211073968
2025-08-11 20:13:50,399 - INFO - Progress: 160/338 symbols scanned
2025-08-11 20:13:51,495 - INFO - 🔧 Enriching data for ZEN/USDT
2025-08-11 20:13:52,315 - INFO - 📊 Found setup for ZEN/USDT: Quality=90.0, R/R=8.575000000000118
2025-08-11 20:13:52,751 - INFO - 🔧 Enriching data for LAZIO/USDT
2025-08-11 20:13:53,512 - INFO - 📊 Found setup for LAZIO/USDT: Quality=95.0, R/R=4.248582230623807
2025-08-11 20:13:54,514 - INFO - 🔧 Enriching data for BABY/USDT
2025-08-11 20:13:55,295 - INFO - 📊 Found setup for BABY/USDT: Quality=100, R/R=0.8029320423821765
2025-08-11 20:13:55,772 - INFO - Progress: 170/338 symbols scanned
2025-08-11 20:13:56,173 - INFO - 🔧 Enriching data for XAI/USDT
2025-08-11 20:13:56,938 - INFO - 📊 Found setup for XAI/USDT: Quality=100.0, R/R=6.386888586956533
2025-08-11 20:13:57,812 - INFO - 🔧 Enriching data for RVN/USDT
2025-08-11 20:13:58,945 - INFO - 📊 Found setup for RVN/USDT: Quality=85.0, R/R=7.295289855072437
2025-08-11 20:13:59,777 - INFO - 🔧 Enriching data for HAEDAL/USDT
2025-08-11 20:14:00,739 - INFO - 📊 Found setup for HAEDAL/USDT: Quality=100, R/R=0.19911067193675847
2025-08-11 20:14:01,779 - INFO - 🔧 Enriching data for AXL/USDT
2025-08-11 20:14:02,611 - INFO - 📊 Found setup for AXL/USDT: Quality=100.0, R/R=2.6341132025450857
2025-08-11 20:14:02,611 - INFO - Progress: 180/338 symbols scanned
2025-08-11 20:14:03,054 - INFO - 🔧 Enriching data for ROSE/USDT
2025-08-11 20:14:03,850 - INFO - 📊 Found setup for ROSE/USDT: Quality=85.0, R/R=8.711561264822125
2025-08-11 20:14:04,782 - INFO - 🔧 Enriching data for RDNT/USDT
2025-08-11 20:14:05,567 - INFO - 📊 Found setup for RDNT/USDT: Quality=95.0, R/R=7.870093599033777
2025-08-11 20:14:05,991 - INFO - 🔧 Enriching data for JTO/USDT
2025-08-11 20:14:06,779 - INFO - 📊 Found setup for JTO/USDT: Quality=85.0, R/R=4.64504076086962
2025-08-11 20:14:07,201 - INFO - 🔧 Enriching data for BNSOL/USDT
2025-08-11 20:14:08,028 - INFO - 📊 Found setup for BNSOL/USDT: Quality=90.0, R/R=9.06295289855085
2025-08-11 20:14:08,465 - INFO - 🔧 Enriching data for MEME/USDT
2025-08-11 20:14:09,236 - INFO - 📊 Found setup for MEME/USDT: Quality=100, R/R=0.5931677018633699
2025-08-11 20:14:09,910 - INFO - 🔧 Enriching data for CETUS/USDT
2025-08-11 20:14:10,681 - INFO - 📊 Found setup for CETUS/USDT: Quality=85.0, R/R=4.8177083333333695
2025-08-11 20:14:10,901 - INFO - Progress: 190/338 symbols scanned
2025-08-11 20:14:12,674 - INFO - 🔧 Enriching data for BANANA/USDT
2025-08-11 20:14:13,467 - INFO - 📊 Found setup for BANANA/USDT: Quality=85.0, R/R=9.71814613526549
2025-08-11 20:14:13,871 - INFO - 🔧 Enriching data for DIA/USDT
2025-08-11 20:14:14,694 - INFO - 📊 Found setup for DIA/USDT: Quality=75.0, R/R=10.270104277129757
2025-08-11 20:14:15,341 - INFO - 🔧 Enriching data for HOOK/USDT
2025-08-11 20:14:16,100 - INFO - 📊 Found setup for HOOK/USDT: Quality=100, R/R=0.19021739130434936
2025-08-11 20:14:16,100 - INFO - Progress: 200/338 symbols scanned
2025-08-11 20:14:16,511 - INFO - 🔧 Enriching data for KDA/USDT
2025-08-11 20:14:17,340 - INFO - 📊 Found setup for KDA/USDT: Quality=100.0, R/R=2.4186176142697757
2025-08-11 20:14:17,760 - INFO - 🔧 Enriching data for THE/USDT
2025-08-11 20:14:18,521 - INFO - 📊 Found setup for THE/USDT: Quality=100, R/R=0.000760222567287201
2025-08-11 20:14:18,924 - INFO - 🔧 Enriching data for PARTI/USDT
2025-08-11 20:14:19,688 - INFO - 📊 Found setup for PARTI/USDT: Quality=95.0, R/R=1.2600334448160484
2025-08-11 20:14:20,109 - INFO - 🔧 Enriching data for SOPH/USDT
2025-08-11 20:14:20,888 - INFO - 📊 Found setup for SOPH/USDT: Quality=100, R/R=0.012140603085550426
2025-08-11 20:14:21,312 - INFO - 🔧 Enriching data for GMT/USDT
2025-08-11 20:14:22,067 - INFO - 📊 Found setup for GMT/USDT: Quality=90.0, R/R=6.367391304347811
2025-08-11 20:14:22,477 - INFO - 🔧 Enriching data for GUN/USDT
2025-08-11 20:14:23,252 - INFO - 📊 Found setup for GUN/USDT: Quality=100.0, R/R=4.245001940993852
2025-08-11 20:14:23,703 - INFO - 🔧 Enriching data for 1000CAT/USDT
2025-08-11 20:14:24,553 - INFO - 📊 Found setup for 1000CAT/USDT: Quality=100, R/R=1.1874999999999842
2025-08-11 20:14:24,969 - INFO - 🔧 Enriching data for MASK/USDT
2025-08-11 20:14:25,736 - INFO - 📊 Found setup for MASK/USDT: Quality=90.0, R/R=6.59646739130433
2025-08-11 20:14:26,186 - INFO - Progress: 210/338 symbols scanned
2025-08-11 20:14:26,595 - INFO - 🔧 Enriching data for PORTAL/USDT
2025-08-11 20:14:27,374 - INFO - 📊 Found setup for PORTAL/USDT: Quality=85.0, R/R=3.2801773455377554
2025-08-11 20:14:27,808 - INFO - 🔧 Enriching data for CKB/USDT
2025-08-11 20:14:28,577 - INFO - 📊 Found setup for CKB/USDT: Quality=85.0, R/R=5.298196368848476
2025-08-11 20:14:29,240 - INFO - 🔧 Enriching data for MINA/USDT
2025-08-11 20:14:30,062 - INFO - 📊 Found setup for MINA/USDT: Quality=100.0, R/R=5.715579710144884
2025-08-11 20:14:31,050 - INFO - 🔧 Enriching data for NFP/USDT
2025-08-11 20:14:32,062 - INFO - 📊 Found setup for NFP/USDT: Quality=100.0, R/R=5.966485507246366
2025-08-11 20:14:32,700 - INFO - 🔧 Enriching data for NMR/USDT
2025-08-11 20:14:33,473 - INFO - 📊 Found setup for NMR/USDT: Quality=100, R/R=1.2424199084667982
2025-08-11 20:14:33,680 - INFO - Progress: 220/338 symbols scanned
2025-08-11 20:14:34,781 - INFO - 🔧 Enriching data for MANA/USDT
2025-08-11 20:14:35,662 - INFO - 📊 Found setup for MANA/USDT: Quality=96.0, R/R=5.028872282608788
2025-08-11 20:14:36,314 - INFO - 🔧 Enriching data for CGPT/USDT
2025-08-11 20:14:37,094 - INFO - 📊 Found setup for CGPT/USDT: Quality=100.0, R/R=5.041062801932364
2025-08-11 20:14:37,512 - INFO - 🔧 Enriching data for AXS/USDT
2025-08-11 20:14:38,293 - INFO - 📊 Found setup for AXS/USDT: Quality=96.0, R/R=5.931636155606504
2025-08-11 20:14:39,180 - INFO - 🔧 Enriching data for SUPER/USDT
2025-08-11 20:14:39,942 - INFO - 📊 Found setup for SUPER/USDT: Quality=100.0, R/R=5.973903101802788
2025-08-11 20:14:39,942 - INFO - Progress: 230/338 symbols scanned
2025-08-11 20:14:40,380 - INFO - 🔧 Enriching data for FIDA/USDT
2025-08-11 20:14:41,138 - INFO - 📊 Found setup for FIDA/USDT: Quality=100, R/R=4.240896739130423
2025-08-11 20:14:41,758 - INFO - 🔧 Enriching data for AUCTION/USDT
2025-08-11 20:14:42,540 - INFO - 📊 Found setup for AUCTION/USDT: Quality=90.0, R/R=7.720526755852858
2025-08-11 20:14:43,334 - INFO - 🔧 Enriching data for BICO/USDT
2025-08-11 20:14:44,088 - INFO - 📊 Found setup for BICO/USDT: Quality=85.0, R/R=5.084593572778843
2025-08-11 20:14:44,718 - INFO - 🔧 Enriching data for VANRY/USDT
2025-08-11 20:14:45,718 - INFO - 📊 Found setup for VANRY/USDT: Quality=85.0, R/R=3.4144021739130337
2025-08-11 20:14:46,156 - INFO - 🔧 Enriching data for AI/USDT
2025-08-11 20:14:47,753 - INFO - 📊 Found setup for AI/USDT: Quality=85.0, R/R=5.594979296066226
2025-08-11 20:14:48,382 - INFO - 🔧 Enriching data for 1MBABYDOGE/USDT
2025-08-11 20:14:49,215 - INFO - 📊 Found setup for 1MBABYDOGE/USDT: Quality=100, R/R=0.5958953089244841
2025-08-11 20:14:49,215 - INFO - Progress: 240/338 symbols scanned
2025-08-11 20:14:49,833 - INFO - 🔧 Enriching data for ENJ/USDT
2025-08-11 20:14:51,233 - INFO - 🔧 Enriching data for TRU/USDT
2025-08-11 20:14:52,347 - INFO - 📊 Found setup for TRU/USDT: Quality=100, R/R=0.03030936454848879
2025-08-11 20:14:53,041 - INFO - 🔧 Enriching data for CELO/USDT
2025-08-11 20:14:53,790 - INFO - 📊 Found setup for CELO/USDT: Quality=100, R/R=3.7407461809635967
2025-08-11 20:14:54,448 - INFO - 🔧 Enriching data for DOGS/USDT
2025-08-11 20:14:55,204 - INFO - 📊 Found setup for DOGS/USDT: Quality=100, R/R=1.5234257871064343
2025-08-11 20:14:55,611 - INFO - 🔧 Enriching data for NXPC/USDT
2025-08-11 20:14:56,385 - INFO - 📊 Found setup for NXPC/USDT: Quality=100, R/R=0.27096273291926515
2025-08-11 20:14:56,603 - INFO - Progress: 250/338 symbols scanned
2025-08-11 20:14:57,033 - INFO - 🔧 Enriching data for SYN/USDT
2025-08-11 20:14:57,801 - INFO - 📊 Found setup for SYN/USDT: Quality=100, R/R=0.2370169082125643
2025-08-11 20:14:58,234 - INFO - 🔧 Enriching data for STO/USDT
2025-08-11 20:14:59,043 - INFO - 📊 Found setup for STO/USDT: Quality=100, R/R=0.4707880434782694
2025-08-11 20:15:00,105 - INFO - 🔧 Enriching data for AEVO/USDT
2025-08-11 20:15:01,903 - INFO - 📊 Found setup for AEVO/USDT: Quality=100, R/R=4.9614470108694935
2025-08-11 20:15:02,719 - INFO - 🔧 Enriching data for PIXEL/USDT
2025-08-11 20:15:03,605 - INFO - 📊 Found setup for PIXEL/USDT: Quality=75.0, R/R=7.873212242562803
2025-08-11 20:15:04,029 - INFO - 🔧 Enriching data for BEL/USDT
2025-08-11 20:15:04,826 - INFO - 📊 Found setup for BEL/USDT: Quality=100, R/R=1.323266045548657
2025-08-11 20:15:05,277 - INFO - Progress: 260/338 symbols scanned
2025-08-11 20:15:06,137 - INFO - 🔧 Enriching data for VANA/USDT
2025-08-11 20:15:06,894 - INFO - 📊 Found setup for VANA/USDT: Quality=100, R/R=6.7525266971778315
2025-08-11 20:15:07,529 - INFO - 🔧 Enriching data for ANKR/USDT
2025-08-11 20:15:08,337 - INFO - 📊 Found setup for ANKR/USDT: Quality=100, R/R=0.43768115942028485
2025-08-11 20:15:08,744 - INFO - 🔧 Enriching data for DYM/USDT
2025-08-11 20:15:10,001 - INFO - 📊 Found setup for DYM/USDT: Quality=100.0, R/R=5.472826086956523
2025-08-11 20:15:10,615 - INFO - 🔧 Enriching data for LAYER/USDT
2025-08-11 20:15:11,430 - INFO - 📊 Found setup for LAYER/USDT: Quality=75.0, R/R=4.7038043478260505
2025-08-11 20:15:12,358 - INFO - 🔧 Enriching data for ARK/USDT
2025-08-11 20:15:13,331 - INFO - 📊 Found setup for ARK/USDT: Quality=95.0, R/R=6.7730566534914916
2025-08-11 20:15:13,331 - INFO - Progress: 270/338 symbols scanned
2025-08-11 20:15:13,907 - INFO - 🔧 Enriching data for NEXO/USDT
2025-08-11 20:15:14,688 - INFO - 📊 Found setup for NEXO/USDT: Quality=100.0, R/R=3.1635375494071303
2025-08-11 20:15:15,114 - INFO - 🔧 Enriching data for ONE/USDT
2025-08-11 20:15:16,104 - INFO - 📊 Found setup for ONE/USDT: Quality=100, R/R=1.5374713958809823
2025-08-11 20:15:16,547 - INFO - 🔧 Enriching data for PYR/USDT
2025-08-11 20:15:17,396 - INFO - 📊 Found setup for PYR/USDT: Quality=100.0, R/R=4.605978260869596
2025-08-11 20:15:18,500 - INFO - 🔧 Enriching data for COTI/USDT
2025-08-11 20:15:19,311 - INFO - 📊 Found setup for COTI/USDT: Quality=100, R/R=0.49382829771554965
2025-08-11 20:15:19,723 - INFO - 🔧 Enriching data for ANIME/USDT
2025-08-11 20:15:20,493 - INFO - 📊 Found setup for ANIME/USDT: Quality=75.0, R/R=7.198493083003974
2025-08-11 20:15:21,162 - INFO - 🔧 Enriching data for ZEC/USDT
2025-08-11 20:15:21,954 - INFO - 📊 Found setup for ZEC/USDT: Quality=100.0, R/R=3.919984284965887
2025-08-11 20:15:22,374 - INFO - 🔧 Enriching data for LRC/USDT
2025-08-11 20:15:23,150 - INFO - 📊 Found setup for LRC/USDT: Quality=100, R/R=5.308763586956577
2025-08-11 20:15:23,560 - INFO - 🔧 Enriching data for BAT/USDT
2025-08-11 20:15:24,308 - INFO - 📊 Found setup for BAT/USDT: Quality=100.0, R/R=2.769810659186546
2025-08-11 20:15:24,725 - INFO - 🔧 Enriching data for BAKE/USDT
2025-08-11 20:15:25,491 - INFO - 📊 Found setup for BAKE/USDT: Quality=90.0, R/R=4.883831521739137
2025-08-11 20:15:25,491 - INFO - Progress: 280/338 symbols scanned
2025-08-11 20:15:25,919 - INFO - 🔧 Enriching data for LUNA/USDT
2025-08-11 20:15:26,689 - INFO - 📊 Found setup for LUNA/USDT: Quality=75.0, R/R=5.29683503836312
2025-08-11 20:15:27,112 - INFO - 🔧 Enriching data for PHB/USDT
2025-08-11 20:15:27,870 - INFO - 📊 Found setup for PHB/USDT: Quality=100.0, R/R=2.7725883152173854
2025-08-11 20:15:28,279 - INFO - 🔧 Enriching data for ZRX/USDT
2025-08-11 20:15:29,038 - INFO - 📊 Found setup for ZRX/USDT: Quality=90.0, R/R=6.02820211515854
2025-08-11 20:15:29,688 - INFO - 🔧 Enriching data for KNC/USDT
2025-08-11 20:15:30,489 - INFO - 📊 Found setup for KNC/USDT: Quality=85.0, R/R=1.9025178866263013
2025-08-11 20:15:31,895 - INFO - 🔧 Enriching data for EGLD/USDT
2025-08-11 20:15:32,858 - INFO - 📊 Found setup for EGLD/USDT: Quality=75.0, R/R=7.5723062381852255
2025-08-11 20:15:33,082 - INFO - Progress: 290/338 symbols scanned
2025-08-11 20:15:33,723 - INFO - 🔧 Enriching data for KMNO/USDT
2025-08-11 20:15:34,522 - INFO - 📊 Found setup for KMNO/USDT: Quality=85.0, R/R=2.701109414301124
2025-08-11 20:15:34,960 - INFO - 🔧 Enriching data for SNX/USDT
2025-08-11 20:15:36,211 - INFO - 🔧 Enriching data for ME/USDT
2025-08-11 20:15:36,980 - INFO - 📊 Found setup for ME/USDT: Quality=75.0, R/R=3.721127717391299
2025-08-11 20:15:38,278 - INFO - Progress: 300/338 symbols scanned
2025-08-11 20:15:39,310 - INFO - 🔧 Enriching data for ZIL/USDT
2025-08-11 20:15:40,439 - INFO - 📊 Found setup for ZIL/USDT: Quality=100, R/R=1.7314311594202847
2025-08-11 20:15:41,200 - INFO - 🔧 Enriching data for API3/USDT
2025-08-11 20:15:42,021 - INFO - 📊 Found setup for API3/USDT: Quality=75.0, R/R=10.253057065217389
2025-08-11 20:15:43,043 - INFO - 🔧 Enriching data for UMA/USDT
2025-08-11 20:15:43,813 - INFO - 📊 Found setup for UMA/USDT: Quality=85.0, R/R=5.822628458497944
2025-08-11 20:15:44,034 - INFO - Progress: 310/338 symbols scanned
2025-08-11 20:15:44,457 - INFO - 🔧 Enriching data for NIL/USDT
2025-08-11 20:15:45,318 - INFO - 📊 Found setup for NIL/USDT: Quality=85.0, R/R=4.89463080959519
2025-08-11 20:15:46,264 - INFO - 🔧 Enriching data for SKL/USDT
2025-08-11 20:15:47,027 - INFO - 📊 Found setup for SKL/USDT: Quality=100.0, R/R=3.7617368177613324
2025-08-11 20:15:47,657 - INFO - 🔧 Enriching data for FLOW/USDT
2025-08-11 20:15:48,877 - INFO - 🔧 Enriching data for HOT/USDT
2025-08-11 20:15:49,657 - INFO - 📊 Found setup for HOT/USDT: Quality=100, R/R=1.6665969899665616
2025-08-11 20:15:50,416 - INFO - 🔧 Enriching data for TNSR/USDT
2025-08-11 20:15:51,216 - INFO - 📊 Found setup for TNSR/USDT: Quality=90.0, R/R=6.38958810068651
2025-08-11 20:15:51,434 - INFO - Progress: 320/338 symbols scanned
2025-08-11 20:15:52,068 - INFO - 🔧 Enriching data for BIGTIME/USDT
2025-08-11 20:15:52,849 - INFO - 📊 Found setup for BIGTIME/USDT: Quality=90.0, R/R=4.666656010230147
2025-08-11 20:15:53,296 - INFO - 🔧 Enriching data for HMSTR/USDT
2025-08-11 20:15:54,097 - INFO - 📊 Found setup for HMSTR/USDT: Quality=100, R/R=1.3754180602006785
2025-08-11 20:15:54,565 - INFO - 🔧 Enriching data for GPS/USDT
2025-08-11 20:15:55,417 - INFO - 📊 Found setup for GPS/USDT: Quality=100, R/R=0.6951581027667897
2025-08-11 20:15:55,856 - INFO - 🔧 Enriching data for DEXE/USDT
2025-08-11 20:15:56,676 - INFO - 📊 Found setup for DEXE/USDT: Quality=90.0, R/R=0.9233904682274383
2025-08-11 20:15:57,790 - INFO - Progress: 330/338 symbols scanned
2025-08-11 20:15:58,866 - INFO - 🔧 Enriching data for ACE/USDT
2025-08-11 20:15:59,654 - INFO - 📊 Found setup for ACE/USDT: Quality=85.0, R/R=7.486660079051274
2025-08-11 20:16:00,086 - INFO - 🔧 Enriching data for GLMR/USDT
2025-08-11 20:16:00,898 - INFO - 📊 Found setup for GLMR/USDT: Quality=75.0, R/R=6.182065217391364
2025-08-11 20:16:01,320 - INFO - 🔧 Enriching data for CHR/USDT
2025-08-11 20:16:02,739 - INFO - 📊 Found setup for CHR/USDT: Quality=75.0, R/R=8.253849637681151
2025-08-11 20:16:03,179 - INFO - Found 146 setups, showing top 20
2025-08-11 20:16:03,179 - INFO - 
🔴 SHORT Signal: STG/USDT
━━━━━━━━━━━━━━━━━━━━━━━━

📊 FVG ZONE:
- Gap High: $0.1913
- Gap Low: $0.1880
- Entry (Midpoint): $0.1896

📈 MARKET STRUCTURE:
- Swing High: $0.1563
- Swing Low: $0.1615
- Swing Range: 3.2%

💹 CURRENT STATUS:
- Price Now: $0.1878
- Distance to Entry: 1.0%
- Action: Enter SHORT now (at FVG midpoint)

🛑 RISK MANAGEMENT:
- Stop Loss: $0.1921 (-1.3%)
- Risk/Reward: 14.5:1

🎯 SMART FIBONACCI TARGETS:
- T1: $0.1543 (+18.6%) [23.6%] - Exit 50%
- T2: $0.1537 (+19.0%) [23.6%] - Exit 30%
- T3: $0.1522 (+19.7%) [23.6%] - Exit 20%

📈 SETUP QUALITY:
- FVG Score: 100/100
- Fib Confluence: 0/100
- Final Score: 100/100
- Gap Size: 1.8%
- FVG Age: 0 bars
- Volume Surge: Yes ✅
- Category: Others

💡 Strategy: R21 FVG + Smart Fibonacci
⏰ Time: 2025-08-11 20:12

2025-08-11 20:16:03,179 - INFO - 
🔴 SHORT Signal: BERA/USDT
━━━━━━━━━━━━━━━━━━━━━━━━

📊 FVG ZONE:
- Gap High: $2.0590
- Gap Low: $2.0260
- Entry (Midpoint): $2.0425

📈 MARKET STRUCTURE:
- Swing High: $1.9130
- Swing Low: $1.8150
- Swing Range: 5.4%

💹 CURRENT STATUS:
- Price Now: $2.0250
- Distance to Entry: 0.9%
- Action: Enter SHORT now (at FVG midpoint)

🛑 RISK MANAGEMENT:
- Stop Loss: $2.0668 (-1.2%)
- Risk/Reward: 6.9:1

🎯 SMART FIBONACCI TARGETS:
- T1: $1.8756 (+8.2%) [38.2%] - Exit 50%
- T2: $1.8640 (+8.7%) [50%] - Exit 30%
- T3: $1.8360 (+10.1%) [78.6%] - Exit 20%

📈 SETUP QUALITY:
- FVG Score: 100/100
- Fib Confluence: 0/100
- Final Score: 100/100
- Gap Size: 1.6%
- FVG Age: 1 bars
- Volume Surge: Yes ✅
- Category: Others

💡 Strategy: R21 FVG + Smart Fibonacci
⏰ Time: 2025-08-11 20:13

2025-08-11 20:16:03,179 - INFO - 
🔴 SHORT Signal: VANA/USDT
━━━━━━━━━━━━━━━━━━━━━━━━

📊 FVG ZONE:
- Gap High: $4.5070
- Gap Low: $4.4500
- Entry (Midpoint): $4.4785

📈 MARKET STRUCTURE:
- Swing High: $4.2720
- Swing Low: $4.4730
- Swing Range: 4.5%

💹 CURRENT STATUS:
- Price Now: $4.4810
- Distance to Entry: -0.1%
- Action: Enter SHORT now (at FVG midpoint)

🛑 RISK MANAGEMENT:
- Stop Loss: $4.5205 (-0.9%)
- Risk/Reward: 6.8:1

🎯 SMART FIBONACCI TARGETS:
- T1: $4.1952 (+6.3%) [23.6%] - Exit 50%
- T2: $4.1715 (+6.9%) [23.6%] - Exit 30%
- T3: $4.1140 (+8.1%) [23.6%] - Exit 20%

📈 SETUP QUALITY:
- FVG Score: 90/100
- Fib Confluence: 20/100
- Final Score: 100/100
- Gap Size: 1.3%
- FVG Age: 1 bars
- Volume Surge: Yes ✅
- Category: Others

💡 Strategy: R21 FVG + Smart Fibonacci
⏰ Time: 2025-08-11 20:15

2025-08-11 20:16:03,179 - INFO - 
🔴 SHORT Signal: ALT/USDT
━━━━━━━━━━━━━━━━━━━━━━━━

📊 FVG ZONE:
- Gap High: $0.0368
- Gap Low: $0.0362
- Entry (Midpoint): $0.0365

📈 MARKET STRUCTURE:
- Swing High: $0.0345
- Swing Low: $0.0367
- Swing Range: 6.1%

💹 CURRENT STATUS:
- Price Now: $0.0365
- Distance to Entry: -0.1%
- Action: Enter SHORT now (at FVG midpoint)

🛑 RISK MANAGEMENT:
- Stop Loss: $0.0370 (-1.2%)
- Risk/Reward: 6.4:1

🎯 SMART FIBONACCI TARGETS:
- T1: $0.0336 (+8.0%) [23.6%] - Exit 50%
- T2: $0.0333 (+8.7%) [23.6%] - Exit 30%
- T3: $0.0327 (+10.5%) [23.6%] - Exit 20%

📈 SETUP QUALITY:
- FVG Score: 85/100
- Fib Confluence: 20/100
- Final Score: 100/100
- Gap Size: 1.7%
- FVG Age: 1 bars
- Volume Surge: Yes ✅
- Category: Others

💡 Strategy: R21 FVG + Smart Fibonacci
⏰ Time: 2025-08-11 20:13

2025-08-11 20:16:03,179 - INFO - 
🔴 SHORT Signal: XAI/USDT
━━━━━━━━━━━━━━━━━━━━━━━━

📊 FVG ZONE:
- Gap High: $0.0539
- Gap Low: $0.0531
- Entry (Midpoint): $0.0535

📈 MARKET STRUCTURE:
- Swing High: $0.0510
- Swing Low: $0.0477
- Swing Range: 6.9%

💹 CURRENT STATUS:
- Price Now: $0.0534
- Distance to Entry: 0.2%
- Action: Enter SHORT now (at FVG midpoint)

🛑 RISK MANAGEMENT:
- Stop Loss: $0.0541 (-1.1%)
- Risk/Reward: 6.4:1

🎯 SMART FIBONACCI TARGETS:
- T1: $0.0497 (+7.0%) [38.2%] - Exit 50%
- T2: $0.0493 (+7.8%) [50%] - Exit 30%
- T3: $0.0484 (+9.5%) [78.6%] - Exit 20%

📈 SETUP QUALITY:
- FVG Score: 100/100
- Fib Confluence: 0/100
- Final Score: 100/100
- Gap Size: 1.5%
- FVG Age: 1 bars
- Volume Surge: Yes ✅
- Category: Others

💡 Strategy: R21 FVG + Smart Fibonacci
⏰ Time: 2025-08-11 20:13

2025-08-11 20:16:03,179 - INFO - 
🔴 SHORT Signal: TIA/USDT
━━━━━━━━━━━━━━━━━━━━━━━━

📊 FVG ZONE:
- Gap High: $1.8440
- Gap Low: $1.8150
- Entry (Midpoint): $1.8295

📈 MARKET STRUCTURE:
- Swing High: $1.7380
- Swing Low: $1.6270
- Swing Range: 6.8%

💹 CURRENT STATUS:
- Price Now: $1.7980
- Distance to Entry: 1.8%
- Action: Wait for rally to entry

🛑 RISK MANAGEMENT:
- Stop Loss: $1.8508 (-1.2%)
- Risk/Reward: 6.3:1

🎯 SMART FIBONACCI TARGETS:
- T1: $1.6956 (+7.3%) [38.2%] - Exit 50%
- T2: $1.6825 (+8.0%) [50%] - Exit 30%
- T3: $1.6508 (+9.8%) [78.6%] - Exit 20%

📈 SETUP QUALITY:
- FVG Score: 100/100
- Fib Confluence: 0/100
- Final Score: 100/100
- Gap Size: 1.6%
- FVG Age: 1 bars
- Volume Surge: Yes ✅
- Category: Others

💡 Strategy: R21 FVG + Smart Fibonacci
⏰ Time: 2025-08-11 20:12

2025-08-11 20:16:03,179 - INFO - 
🔴 SHORT Signal: SUPER/USDT
━━━━━━━━━━━━━━━━━━━━━━━━

📊 FVG ZONE:
- Gap High: $0.7887
- Gap Low: $0.7723
- Entry (Midpoint): $0.7805

📈 MARKET STRUCTURE:
- Swing High: $0.7163
- Swing Low: $0.6956
- Swing Range: 3.0%

💹 CURRENT STATUS:
- Price Now: $0.7758
- Distance to Entry: 0.6%
- Action: Enter SHORT now (at FVG midpoint)

🛑 RISK MANAGEMENT:
- Stop Loss: $0.7926 (-1.5%)
- Risk/Reward: 6.0:1

🎯 SMART FIBONACCI TARGETS:
- T1: $0.7084 (+9.2%) [38.2%] - Exit 50%
- T2: $0.7060 (+9.6%) [50%] - Exit 30%
- T3: $0.7000 (+10.3%) [78.6%] - Exit 20%

📈 SETUP QUALITY:
- FVG Score: 100/100
- Fib Confluence: 0/100
- Final Score: 100/100
- Gap Size: 2.1%
- FVG Age: 1 bars
- Volume Surge: Yes ✅
- Category: Others

💡 Strategy: R21 FVG + Smart Fibonacci
⏰ Time: 2025-08-11 20:14

2025-08-11 20:16:03,179 - INFO - 
🔴 SHORT Signal: NFP/USDT
━━━━━━━━━━━━━━━━━━━━━━━━

📊 FVG ZONE:
- Gap High: $0.0749
- Gap Low: $0.0731
- Entry (Midpoint): $0.0740

📈 MARKET STRUCTURE:
- Swing High: $0.0677
- Swing Low: $0.0635
- Swing Range: 6.6%

💹 CURRENT STATUS:
- Price Now: $0.0740
- Distance to Entry: 0.0%
- Action: Enter SHORT now (at FVG midpoint)

🛑 RISK MANAGEMENT:
- Stop Loss: $0.0753 (-1.8%)
- Risk/Reward: 6.0:1

🎯 SMART FIBONACCI TARGETS:
- T1: $0.0661 (+10.7%) [38.2%] - Exit 50%
- T2: $0.0656 (+11.4%) [50%] - Exit 30%
- T3: $0.0644 (+13.0%) [78.6%] - Exit 20%

📈 SETUP QUALITY:
- FVG Score: 100/100
- Fib Confluence: 0/100
- Final Score: 100/100
- Gap Size: 2.5%
- FVG Age: 1 bars
- Volume Surge: Yes ✅
- Category: Others

💡 Strategy: R21 FVG + Smart Fibonacci
⏰ Time: 2025-08-11 20:14

2025-08-11 20:16:03,179 - INFO - 
🔴 SHORT Signal: STX/USDT
━━━━━━━━━━━━━━━━━━━━━━━━

📊 FVG ZONE:
- Gap High: $0.7740
- Gap Low: $0.7590
- Entry (Midpoint): $0.7665

📈 MARKET STRUCTURE:
- Swing High: $0.7150
- Swing Low: $0.6790
- Swing Range: 5.3%

💹 CURRENT STATUS:
- Price Now: $0.7580
- Distance to Entry: 1.1%
- Action: Wait for rally to entry

🛑 RISK MANAGEMENT:
- Stop Loss: $0.7775 (-1.4%)
- Risk/Reward: 5.9:1

🎯 SMART FIBONACCI TARGETS:
- T1: $0.7012 (+8.5%) [38.2%] - Exit 50%
- T2: $0.6970 (+9.1%) [50%] - Exit 30%
- T3: $0.6867 (+10.4%) [78.6%] - Exit 20%

📈 SETUP QUALITY:
- FVG Score: 100/100
- Fib Confluence: 0/100
- Final Score: 100/100
- Gap Size: 2.0%
- FVG Age: 1 bars
- Volume Surge: Yes ✅
- Category: Others

💡 Strategy: R21 FVG + Smart Fibonacci
⏰ Time: 2025-08-11 20:13

2025-08-11 20:16:03,179 - INFO - 
🔴 SHORT Signal: FET/USDT
━━━━━━━━━━━━━━━━━━━━━━━━

📊 FVG ZONE:
- Gap High: $0.7230
- Gap Low: $0.7100
- Entry (Midpoint): $0.7165

📈 MARKET STRUCTURE:
- Swing High: $0.6700
- Swing Low: $0.6940
- Swing Range: 3.5%

💹 CURRENT STATUS:
- Price Now: $0.7130
- Distance to Entry: 0.5%
- Action: Enter SHORT now (at FVG midpoint)

🛑 RISK MANAGEMENT:
- Stop Loss: $0.7261 (-1.3%)
- Risk/Reward: 5.8:1

🎯 SMART FIBONACCI TARGETS:
- T1: $0.6608 (+7.8%) [23.6%] - Exit 50%
- T2: $0.6580 (+8.2%) [23.6%] - Exit 30%
- T3: $0.6511 (+9.1%) [23.6%] - Exit 20%

📈 SETUP QUALITY:
- FVG Score: 100/100
- Fib Confluence: 0/100
- Final Score: 100/100
- Gap Size: 1.8%
- FVG Age: 1 bars
- Volume Surge: Yes ✅
- Category: Others

💡 Strategy: R21 FVG + Smart Fibonacci
⏰ Time: 2025-08-11 20:12

2025-08-11 20:16:03,179 - INFO - 
🔴 SHORT Signal: MINA/USDT
━━━━━━━━━━━━━━━━━━━━━━━━

📊 FVG ZONE:
- Gap High: $0.1989
- Gap Low: $0.1959
- Entry (Midpoint): $0.1974

📈 MARKET STRUCTURE:
- Swing High: $0.1886
- Swing Low: $0.1786
- Swing Range: 5.6%

💹 CURRENT STATUS:
- Price Now: $0.1966
- Distance to Entry: 0.4%
- Action: Enter SHORT now (at FVG midpoint)

🛑 RISK MANAGEMENT:
- Stop Loss: $0.1996 (-1.1%)
- Risk/Reward: 5.7:1

🎯 SMART FIBONACCI TARGETS:
- T1: $0.1848 (+6.4%) [38.2%] - Exit 50%
- T2: $0.1836 (+7.0%) [50%] - Exit 30%
- T3: $0.1807 (+8.4%) [78.6%] - Exit 20%

📈 SETUP QUALITY:
- FVG Score: 100/100
- Fib Confluence: 0/100
- Final Score: 100/100
- Gap Size: 1.5%
- FVG Age: 1 bars
- Volume Surge: Yes ✅
- Category: Others

💡 Strategy: R21 FVG + Smart Fibonacci
⏰ Time: 2025-08-11 20:14

2025-08-11 20:16:03,179 - INFO - 
🔴 SHORT Signal: DYM/USDT
━━━━━━━━━━━━━━━━━━━━━━━━

📊 FVG ZONE:
- Gap High: $0.2690
- Gap Low: $0.2650
- Entry (Midpoint): $0.2670

📈 MARKET STRUCTURE:
- Swing High: $0.2570
- Swing Low: $0.2410
- Swing Range: 6.6%

💹 CURRENT STATUS:
- Price Now: $0.2660
- Distance to Entry: 0.4%
- Action: Enter SHORT now (at FVG midpoint)

🛑 RISK MANAGEMENT:
- Stop Loss: $0.2699 (-1.1%)
- Risk/Reward: 5.5:1

🎯 SMART FIBONACCI TARGETS:
- T1: $0.2509 (+6.0%) [38.2%] - Exit 50%
- T2: $0.2490 (+6.7%) [50%] - Exit 30%
- T3: $0.2444 (+8.5%) [78.6%] - Exit 20%

📈 SETUP QUALITY:
- FVG Score: 100/100
- Fib Confluence: 0/100
- Final Score: 100/100
- Gap Size: 1.5%
- FVG Age: 1 bars
- Volume Surge: Yes ✅
- Category: Others

💡 Strategy: R21 FVG + Smart Fibonacci
⏰ Time: 2025-08-11 20:15

2025-08-11 20:16:03,179 - INFO - 
🔴 SHORT Signal: LPT/USDT
━━━━━━━━━━━━━━━━━━━━━━━━

📊 FVG ZONE:
- Gap High: $6.8760
- Gap Low: $6.7590
- Entry (Midpoint): $6.8175

📈 MARKET STRUCTURE:
- Swing High: $6.4990
- Swing Low: $6.1060
- Swing Range: 6.4%

💹 CURRENT STATUS:
- Price Now: $6.7840
- Distance to Entry: 0.5%
- Action: Enter SHORT now (at FVG midpoint)

🛑 RISK MANAGEMENT:
- Stop Loss: $6.9036 (-1.3%)
- Risk/Reward: 5.4:1

🎯 SMART FIBONACCI TARGETS:
- T1: $6.3489 (+6.9%) [38.2%] - Exit 50%
- T2: $6.3025 (+7.6%) [50%] - Exit 30%
- T3: $6.1901 (+9.2%) [78.6%] - Exit 20%

📈 SETUP QUALITY:
- FVG Score: 100/100
- Fib Confluence: 0/100
- Final Score: 100/100
- Gap Size: 1.7%
- FVG Age: 1 bars
- Volume Surge: Yes ✅
- Category: Others

💡 Strategy: R21 FVG + Smart Fibonacci
⏰ Time: 2025-08-11 20:13

2025-08-11 20:16:03,179 - INFO - 
🔴 SHORT Signal: LRC/USDT
━━━━━━━━━━━━━━━━━━━━━━━━

📊 FVG ZONE:
- Gap High: $0.0900
- Gap Low: $0.0884
- Entry (Midpoint): $0.0892

📈 MARKET STRUCTURE:
- Swing High: $0.0844
- Swing Low: $0.0806
- Swing Range: 4.7%

💹 CURRENT STATUS:
- Price Now: $0.0885
- Distance to Entry: 0.8%
- Action: Enter SHORT now (at FVG midpoint)

🛑 RISK MANAGEMENT:
- Stop Loss: $0.0904 (-1.3%)
- Risk/Reward: 5.3:1

🎯 SMART FIBONACCI TARGETS:
- T1: $0.0829 (+7.0%) [38.2%] - Exit 50%
- T2: $0.0825 (+7.5%) [50%] - Exit 30%
- T3: $0.0814 (+8.7%) [78.6%] - Exit 20%

📈 SETUP QUALITY:
- FVG Score: 100/100
- Fib Confluence: 0/100
- Final Score: 100/100
- Gap Size: 1.8%
- FVG Age: 1 bars
- Volume Surge: Yes ✅
- Category: Layer 2/Scaling

💡 Strategy: R21 FVG + Smart Fibonacci
⏰ Time: 2025-08-11 20:15

2025-08-11 20:16:03,179 - INFO - 
🔴 SHORT Signal: WCT/USDT
━━━━━━━━━━━━━━━━━━━━━━━━

📊 FVG ZONE:
- Gap High: $0.3297
- Gap Low: $0.3241
- Entry (Midpoint): $0.3269

📈 MARKET STRUCTURE:
- Swing High: $0.3112
- Swing Low: $0.3273
- Swing Range: 4.9%

💹 CURRENT STATUS:
- Price Now: $0.3254
- Distance to Entry: 0.5%
- Action: Enter SHORT now (at FVG midpoint)

🛑 RISK MANAGEMENT:
- Stop Loss: $0.3310 (-1.3%)
- Risk/Reward: 5.3:1

🎯 SMART FIBONACCI TARGETS:
- T1: $0.3050 (+6.7%) [23.6%] - Exit 50%
- T2: $0.3031 (+7.3%) [23.6%] - Exit 30%
- T3: $0.2985 (+8.7%) [23.6%] - Exit 20%

📈 SETUP QUALITY:
- FVG Score: 85/100
- Fib Confluence: 20/100
- Final Score: 100/100
- Gap Size: 1.7%
- FVG Age: 1 bars
- Volume Surge: Yes ✅
- Category: Others

💡 Strategy: R21 FVG + Smart Fibonacci
⏰ Time: 2025-08-11 20:13

2025-08-11 20:16:03,179 - INFO - 
🔴 SHORT Signal: CGPT/USDT
━━━━━━━━━━━━━━━━━━━━━━━━

📊 FVG ZONE:
- Gap High: $0.1031
- Gap Low: $0.1013
- Entry (Midpoint): $0.1022

📈 MARKET STRUCTURE:
- Swing High: $0.0998
- Swing Low: $0.0886
- Swing Range: 12.6%

💹 CURRENT STATUS:
- Price Now: $0.1013
- Distance to Entry: 0.9%
- Action: Enter SHORT now (at FVG midpoint)

🛑 RISK MANAGEMENT:
- Stop Loss: $0.1035 (-1.3%)
- Risk/Reward: 5.0:1

🎯 SMART FIBONACCI TARGETS:
- T1: $0.0955 (+6.5%) [38.2%] - Exit 50%
- T2: $0.0942 (+7.8%) [50%] - Exit 30%
- T3: $0.0910 (+11.0%) [78.6%] - Exit 20%

📈 SETUP QUALITY:
- FVG Score: 100/100
- Fib Confluence: 0/100
- Final Score: 100/100
- Gap Size: 1.8%
- FVG Age: 1 bars
- Volume Surge: Yes ✅
- Category: Others

💡 Strategy: R21 FVG + Smart Fibonacci
⏰ Time: 2025-08-11 20:14

2025-08-11 20:16:03,179 - INFO - 
🔴 SHORT Signal: AEVO/USDT
━━━━━━━━━━━━━━━━━━━━━━━━

📊 FVG ZONE:
- Gap High: $0.1014
- Gap Low: $0.0998
- Entry (Midpoint): $0.1006

📈 MARKET STRUCTURE:
- Swing High: $0.0964
- Swing Low: $0.1007
- Swing Range: 4.3%

💹 CURRENT STATUS:
- Price Now: $0.1000
- Distance to Entry: 0.6%
- Action: Enter SHORT now (at FVG midpoint)

🛑 RISK MANAGEMENT:
- Stop Loss: $0.1018 (-1.2%)
- Risk/Reward: 5.0:1

🎯 SMART FIBONACCI TARGETS:
- T1: $0.0948 (+5.8%) [23.6%] - Exit 50%
- T2: $0.0943 (+6.3%) [23.6%] - Exit 30%
- T3: $0.0930 (+7.5%) [23.6%] - Exit 20%

📈 SETUP QUALITY:
- FVG Score: 100/100
- Fib Confluence: 20/100
- Final Score: 100/100
- Gap Size: 1.6%
- FVG Age: 1 bars
- Volume Surge: Yes ✅
- Category: Others

💡 Strategy: R21 FVG + Smart Fibonacci
⏰ Time: 2025-08-11 20:15

2025-08-11 20:16:03,179 - INFO - 
🔴 SHORT Signal: WIF/USDT
━━━━━━━━━━━━━━━━━━━━━━━━

📊 FVG ZONE:
- Gap High: $0.9750
- Gap Low: $0.9620
- Entry (Midpoint): $0.9685

📈 MARKET STRUCTURE:
- Swing High: $0.9390
- Swing Low: $0.8930
- Swing Range: 5.2%

💹 CURRENT STATUS:
- Price Now: $0.9630
- Distance to Entry: 0.6%
- Action: Enter SHORT now (at FVG midpoint)

🛑 RISK MANAGEMENT:
- Stop Loss: $0.9781 (-1.0%)
- Risk/Reward: 4.9:1

🎯 SMART FIBONACCI TARGETS:
- T1: $0.9214 (+4.9%) [38.2%] - Exit 50%
- T2: $0.9160 (+5.4%) [50%] - Exit 30%
- T3: $0.9028 (+6.8%) [78.6%] - Exit 20%

📈 SETUP QUALITY:
- FVG Score: 90/100
- Fib Confluence: 0/100
- Final Score: 100/100
- Gap Size: 1.4%
- FVG Age: 1 bars
- Volume Surge: Yes ✅
- Category: Meme/Community

💡 Strategy: R21 FVG + Smart Fibonacci
⏰ Time: 2025-08-11 20:12

2025-08-11 20:16:03,180 - INFO - 
🔴 SHORT Signal: WLD/USDT
━━━━━━━━━━━━━━━━━━━━━━━━

📊 FVG ZONE:
- Gap High: $1.0650
- Gap Low: $1.0420
- Entry (Midpoint): $1.0535

📈 MARKET STRUCTURE:
- Swing High: $0.9790
- Swing Low: $0.9660
- Swing Range: 1.3%

💹 CURRENT STATUS:
- Price Now: $1.0440
- Distance to Entry: 0.9%
- Action: Enter SHORT now (at FVG midpoint)

🛑 RISK MANAGEMENT:
- Stop Loss: $1.0704 (-1.6%)
- Risk/Reward: 4.7:1

🎯 SMART FIBONACCI TARGETS:
- T1: $0.9740 (+7.5%) [38.2%] - Exit 50%
- T2: $0.9725 (+7.7%) [50%] - Exit 30%
- T3: $0.9688 (+8.0%) [78.6%] - Exit 20%

📈 SETUP QUALITY:
- FVG Score: 100/100
- Fib Confluence: 0/100
- Final Score: 100/100
- Gap Size: 2.2%
- FVG Age: 1 bars
- Volume Surge: Yes ✅
- Category: Others

💡 Strategy: R21 FVG + Smart Fibonacci
⏰ Time: 2025-08-11 20:12

2025-08-11 20:16:03,180 - INFO - 
🔴 SHORT Signal: A2Z/USDT
━━━━━━━━━━━━━━━━━━━━━━━━

📊 FVG ZONE:
- Gap High: $0.0075
- Gap Low: $0.0073
- Entry (Midpoint): $0.0074

📈 MARKET STRUCTURE:
- Swing High: $0.0083
- Swing Low: $0.0047
- Swing Range: 74.2%

💹 CURRENT STATUS:
- Price Now: $0.0072
- Distance to Entry: 2.0%
- Action: Wait for rally to entry

🛑 RISK MANAGEMENT:
- Stop Loss: $0.0075 (-1.4%)
- Risk/Reward: 4.7:1

🎯 SMART FIBONACCI TARGETS:
- T1: $0.0069 (+6.4%) [38.2%] - Exit 50%
- T2: $0.0065 (+12.0%) [50%] - Exit 30%
- T3: $0.0055 (+25.6%) [78.6%] - Exit 20%

📈 SETUP QUALITY:
- FVG Score: 85/100
- Fib Confluence: 30/100
- Final Score: 100/100
- Gap Size: 1.9%
- FVG Age: 1 bars
- Volume Surge: Yes ✅
- Category: Others

💡 Strategy: R21 FVG + Smart Fibonacci
⏰ Time: 2025-08-11 20:12

2025-08-11 20:16:03,180 - INFO - Scan complete. Found 146 high-quality setups, displayed 20
2025-08-11 20:16:03,180 - INFO - Performance Stats: {'total_scans': 4, 'setups_found': 146, 'alerts_sent': 160}
2025-08-11 20:16:03,180 - INFO - Next scan in 900 seconds...
2025-08-11 20:31:03,195 - INFO - Starting scan of top 500 symbols...
2025-08-11 20:31:03,200 - WARNING - ⚠️ Database not connected - running in offline mode
2025-08-11 20:31:03,200 - WARNING - Results will not be saved to database
2025-08-11 20:31:03,200 - INFO - 📝 Running without database logging (offline mode)
2025-08-11 20:31:03,850 - INFO - Scanning 339 symbols
2025-08-11 20:31:03,851 - INFO - Progress: 0/339 symbols scanned
2025-08-11 20:31:04,264 - INFO - 🔧 Enriching data for BTC/USDT
2025-08-11 20:31:05,056 - INFO - 📊 Found setup for BTC/USDT: Quality=100, R/R=1.3966850088299396
2025-08-11 20:31:05,453 - INFO - 🔧 Enriching data for ETH/USDT
2025-08-11 20:31:06,221 - INFO - 📊 Found setup for ETH/USDT: Quality=88.0, R/R=18.678037255025554
2025-08-11 20:31:07,206 - INFO - 🔧 Enriching data for SOL/USDT
2025-08-11 20:31:07,985 - INFO - 📊 Found setup for SOL/USDT: Quality=82.5, R/R=7.564104098831704
2025-08-11 20:31:08,423 - INFO - 🔧 Enriching data for XRP/USDT
2025-08-11 20:31:09,182 - INFO - 📊 Found setup for XRP/USDT: Quality=100, R/R=0.32467488354037305
2025-08-11 20:31:10,318 - INFO - 🔧 Enriching data for SUI/USDT
2025-08-11 20:31:11,122 - INFO - 📊 Found setup for SUI/USDT: Quality=100, R/R=2.5136231195238867
2025-08-11 20:31:11,122 - INFO - Progress: 10/339 symbols scanned
2025-08-11 20:31:11,535 - INFO - 🔧 Enriching data for TREE/USDT
2025-08-11 20:31:12,331 - INFO - 📊 Found setup for TREE/USDT: Quality=100, R/R=1.6336577350859522
2025-08-11 20:31:12,772 - INFO - 🔧 Enriching data for PEPE/USDT
2025-08-11 20:31:13,546 - INFO - 📊 Found setup for PEPE/USDT: Quality=100, R/R=1.7466787439613665
2025-08-11 20:31:14,186 - INFO - 🔧 Enriching data for ADA/USDT
2025-08-11 20:31:15,049 - INFO - 📊 Found setup for ADA/USDT: Quality=99.00000000000001, R/R=9.413412506709596
2025-08-11 20:31:16,371 - INFO - Progress: 20/339 symbols scanned
2025-08-11 20:31:17,582 - INFO - 🔧 Enriching data for PENDLE/USDT
2025-08-11 20:31:18,364 - INFO - 📊 Found setup for PENDLE/USDT: Quality=100, R/R=0.5320861204012965
2025-08-11 20:31:19,172 - INFO - 🔧 Enriching data for WIF/USDT
2025-08-11 20:31:19,929 - INFO - 📊 Found setup for WIF/USDT: Quality=100, R/R=4.91973244147155
2025-08-11 20:31:20,340 - INFO - 🔧 Enriching data for TRUMP/USDT
2025-08-11 20:31:21,153 - INFO - 📊 Found setup for TRUMP/USDT: Quality=90.0, R/R=2.719882246376815
2025-08-11 20:31:21,820 - INFO - 🔧 Enriching data for AAVE/USDT
2025-08-11 20:31:22,570 - INFO - 📊 Found setup for AAVE/USDT: Quality=81.0, R/R=8.032419918925402
2025-08-11 20:31:22,570 - INFO - Progress: 30/339 symbols scanned
2025-08-11 20:31:23,633 - INFO - 🔧 Enriching data for WLD/USDT
2025-08-11 20:31:24,415 - INFO - 📊 Found setup for WLD/USDT: Quality=100.0, R/R=4.694352551984933
2025-08-11 20:31:25,032 - INFO - 🔧 Enriching data for HBAR/USDT
2025-08-11 20:31:25,791 - INFO - 📊 Found setup for HBAR/USDT: Quality=100.0, R/R=3.83497001499246
2025-08-11 20:31:26,395 - INFO - 🔧 Enriching data for NEAR/USDT
2025-08-11 20:31:27,200 - INFO - 📊 Found setup for NEAR/USDT: Quality=99.0, R/R=11.350271739130255
2025-08-11 20:31:27,653 - INFO - Progress: 40/339 symbols scanned
2025-08-11 20:31:28,430 - INFO - 🔧 Enriching data for PNUT/USDT
2025-08-11 20:31:29,382 - INFO - 📊 Found setup for PNUT/USDT: Quality=100, R/R=0.9592650103519628
2025-08-11 20:31:30,013 - INFO - 🔧 Enriching data for TAO/USDT
2025-08-11 20:31:30,896 - INFO - 📊 Found setup for TAO/USDT: Quality=100.0, R/R=4.0531400966183675
2025-08-11 20:31:31,313 - INFO - 🔧 Enriching data for DOT/USDT
2025-08-11 20:31:32,785 - INFO - 🔧 Enriching data for SHIB/USDT
2025-08-11 20:31:33,881 - INFO - 📊 Found setup for SHIB/USDT: Quality=100, R/R=1.672154731457801
2025-08-11 20:31:34,496 - INFO - 🔧 Enriching data for FLOKI/USDT
2025-08-11 20:31:35,287 - INFO - 📊 Found setup for FLOKI/USDT: Quality=100, R/R=0.0535102072619618
2025-08-11 20:31:35,287 - INFO - Progress: 50/339 symbols scanned
2025-08-11 20:31:35,712 - INFO - 🔧 Enriching data for CFX/USDT
2025-08-11 20:31:36,570 - INFO - 📊 Found setup for CFX/USDT: Quality=100, R/R=0.13652832674572538
2025-08-11 20:31:38,215 - INFO - 🔧 Enriching data for FET/USDT
2025-08-11 20:31:38,994 - INFO - 📊 Found setup for FET/USDT: Quality=100.0, R/R=5.818143812709
2025-08-11 20:31:39,395 - INFO - 🔧 Enriching data for STG/USDT
2025-08-11 20:31:40,148 - INFO - 📊 Found setup for STG/USDT: Quality=100.0, R/R=16.07173913043467
2025-08-11 20:31:40,357 - INFO - Progress: 60/339 symbols scanned
2025-08-11 20:31:41,396 - INFO - 🔧 Enriching data for FIL/USDT
2025-08-11 20:31:42,166 - INFO - 📊 Found setup for FIL/USDT: Quality=100.0, R/R=4.408475948196121
2025-08-11 20:31:43,230 - INFO - 🔧 Enriching data for ALGO/USDT
2025-08-11 20:31:44,148 - INFO - 📊 Found setup for ALGO/USDT: Quality=100, R/R=1.520724201152446
2025-08-11 20:31:44,674 - INFO - Progress: 70/339 symbols scanned
2025-08-11 20:31:45,684 - INFO - 🔧 Enriching data for ASR/USDT
2025-08-11 20:31:46,460 - INFO - 📊 Found setup for ASR/USDT: Quality=85.0, R/R=3.1446256038647573
2025-08-11 20:31:47,741 - INFO - Progress: 80/339 symbols scanned
2025-08-11 20:31:48,753 - INFO - 🔧 Enriching data for VET/USDT
2025-08-11 20:31:49,508 - INFO - 📊 Found setup for VET/USDT: Quality=90.0, R/R=4.64346227621487
2025-08-11 20:31:50,368 - INFO - 🔧 Enriching data for ACT/USDT
2025-08-11 20:31:51,141 - INFO - 📊 Found setup for ACT/USDT: Quality=95.0, R/R=1.2864906832298135
2025-08-11 20:31:51,781 - INFO - 🔧 Enriching data for MAV/USDT
2025-08-11 20:31:52,553 - INFO - 📊 Found setup for MAV/USDT: Quality=75.0, R/R=13.117697010869604
2025-08-11 20:31:52,757 - INFO - Progress: 90/339 symbols scanned
2025-08-11 20:31:53,601 - INFO - 🔧 Enriching data for WBTC/USDT
2025-08-11 20:31:54,381 - INFO - 📊 Found setup for WBTC/USDT: Quality=100, R/R=1.131007349108053
2025-08-11 20:31:55,625 - INFO - 🔧 Enriching data for HYPER/USDT
2025-08-11 20:31:56,390 - INFO - 📊 Found setup for HYPER/USDT: Quality=100, R/R=0.4632129499766253
2025-08-11 20:31:56,813 - INFO - Progress: 100/339 symbols scanned
2025-08-11 20:31:57,219 - INFO - 🔧 Enriching data for CITY/USDT
2025-08-11 20:31:58,013 - INFO - 📊 Found setup for CITY/USDT: Quality=100, R/R=0.5612212276214826
2025-08-11 20:31:59,337 - INFO - 🔧 Enriching data for ACH/USDT
2025-08-11 20:32:00,221 - INFO - 📊 Found setup for ACH/USDT: Quality=80.0, R/R=13.555778032036764
2025-08-11 20:32:00,862 - INFO - 🔧 Enriching data for PEOPLE/USDT
2025-08-11 20:32:01,632 - INFO - 📊 Found setup for PEOPLE/USDT: Quality=80.0, R/R=10.981521739130427
2025-08-11 20:32:02,478 - INFO - 🔧 Enriching data for INIT/USDT
2025-08-11 20:32:03,609 - INFO - 📊 Found setup for INIT/USDT: Quality=100, R/R=2.9063513951979103
2025-08-11 20:32:03,609 - INFO - Progress: 110/339 symbols scanned
2025-08-11 20:32:04,127 - INFO - 🔧 Enriching data for 1INCH/USDT
2025-08-11 20:32:05,218 - INFO - 📊 Found setup for 1INCH/USDT: Quality=100, R/R=1.7880434782608854
2025-08-11 20:32:05,628 - INFO - 🔧 Enriching data for OMNI/USDT
2025-08-11 20:32:06,398 - INFO - 📊 Found setup for OMNI/USDT: Quality=100, R/R=0.1069373401534502
2025-08-11 20:32:07,481 - INFO - 🔧 Enriching data for WCT/USDT
2025-08-11 20:32:08,263 - INFO - 📊 Found setup for WCT/USDT: Quality=100, R/R=5.301387810558999
2025-08-11 20:32:09,310 - INFO - Progress: 120/339 symbols scanned
2025-08-11 20:32:10,337 - INFO - 🔧 Enriching data for USUAL/USDT
2025-08-11 20:32:11,108 - INFO - 📊 Found setup for USUAL/USDT: Quality=75.0, R/R=7.793206521739143
2025-08-11 20:32:11,910 - INFO - 🔧 Enriching data for IO/USDT
2025-08-11 20:32:12,674 - INFO - 📊 Found setup for IO/USDT: Quality=75.0, R/R=6.5319293478260905
2025-08-11 20:32:13,106 - INFO - 🔧 Enriching data for STRK/USDT
2025-08-11 20:32:13,896 - INFO - 📊 Found setup for STRK/USDT: Quality=90.0, R/R=13.058254076086948
2025-08-11 20:32:14,631 - INFO - 🔧 Enriching data for COMP/USDT
2025-08-11 20:32:15,386 - INFO - 📊 Found setup for COMP/USDT: Quality=94.5, R/R=9.096963423050441
2025-08-11 20:32:15,386 - INFO - Progress: 130/339 symbols scanned
2025-08-11 20:32:16,126 - INFO - 🔧 Enriching data for HFT/USDT
2025-08-11 20:32:17,129 - INFO - 📊 Found setup for HFT/USDT: Quality=90.0, R/R=0.8294030950626367
2025-08-11 20:32:18,365 - INFO - 🔧 Enriching data for XTZ/USDT
2025-08-11 20:32:19,230 - INFO - 📊 Found setup for XTZ/USDT: Quality=85.0, R/R=4.728404837316415
2025-08-11 20:32:20,259 - INFO - 🔧 Enriching data for ILV/USDT
2025-08-11 20:32:21,012 - INFO - 📊 Found setup for ILV/USDT: Quality=85.0, R/R=5.2800343249427435
2025-08-11 20:32:21,012 - INFO - Progress: 140/339 symbols scanned
2025-08-11 20:32:21,416 - INFO - 🔧 Enriching data for COW/USDT
2025-08-11 20:32:22,258 - INFO - 📊 Found setup for COW/USDT: Quality=100, R/R=0.1283485062522884
2025-08-11 20:32:22,861 - INFO - 🔧 Enriching data for GRT/USDT
2025-08-11 20:32:23,631 - INFO - 📊 Found setup for GRT/USDT: Quality=100.0, R/R=1.8172554347826022
2025-08-11 20:32:24,247 - INFO - 🔧 Enriching data for BERA/USDT
2025-08-11 20:32:25,080 - INFO - 📊 Found setup for BERA/USDT: Quality=100.0, R/R=6.873188405797013
2025-08-11 20:32:25,493 - INFO - 🔧 Enriching data for ALT/USDT
2025-08-11 20:32:26,259 - INFO - 📊 Found setup for ALT/USDT: Quality=100, R/R=6.411465638148736
2025-08-11 20:32:26,660 - INFO - 🔧 Enriching data for FIO/USDT
2025-08-11 20:32:27,415 - INFO - 📊 Found setup for FIO/USDT: Quality=85.0, R/R=6.407146160962017
2025-08-11 20:32:27,832 - INFO - 🔧 Enriching data for TURBO/USDT
2025-08-11 20:32:28,625 - INFO - 📊 Found setup for TURBO/USDT: Quality=85.0, R/R=10.145920639078058
2025-08-11 20:32:29,033 - INFO - 🔧 Enriching data for SIGN/USDT
2025-08-11 20:32:29,870 - INFO - 📊 Found setup for SIGN/USDT: Quality=95.0, R/R=1.1106719367589006
2025-08-11 20:32:30,249 - INFO - Progress: 150/339 symbols scanned
2025-08-11 20:32:31,419 - INFO - 🔧 Enriching data for STX/USDT
2025-08-11 20:32:32,228 - INFO - 📊 Found setup for STX/USDT: Quality=100.0, R/R=5.910507246376783
2025-08-11 20:32:32,643 - INFO - 🔧 Enriching data for MOVR/USDT
2025-08-11 20:32:33,727 - INFO - 📊 Found setup for MOVR/USDT: Quality=100, R/R=1.0120064330080019
2025-08-11 20:32:34,335 - INFO - 🔧 Enriching data for BAR/USDT
2025-08-11 20:32:35,100 - INFO - 📊 Found setup for BAR/USDT: Quality=100, R/R=0.24788647342994752
2025-08-11 20:32:35,537 - INFO - 🔧 Enriching data for LPT/USDT
2025-08-11 20:32:36,314 - INFO - 📊 Found setup for LPT/USDT: Quality=100.0, R/R=5.442052211073968
2025-08-11 20:32:36,725 - INFO - Progress: 160/339 symbols scanned
2025-08-11 20:32:37,639 - INFO - 🔧 Enriching data for ZEN/USDT
2025-08-11 20:32:38,388 - INFO - 📊 Found setup for ZEN/USDT: Quality=90.0, R/R=8.575000000000118
2025-08-11 20:32:39,606 - INFO - 🔧 Enriching data for BABY/USDT
2025-08-11 20:32:40,360 - INFO - 📊 Found setup for BABY/USDT: Quality=100, R/R=0.8029320423821765
2025-08-11 20:32:40,754 - INFO - 🔧 Enriching data for LAZIO/USDT
2025-08-11 20:32:41,751 - INFO - 📊 Found setup for LAZIO/USDT: Quality=95.0, R/R=4.248582230623807
2025-08-11 20:32:41,953 - INFO - Progress: 170/339 symbols scanned
2025-08-11 20:32:42,393 - INFO - 🔧 Enriching data for XAI/USDT
2025-08-11 20:32:43,141 - INFO - 📊 Found setup for XAI/USDT: Quality=100.0, R/R=6.386888586956533
2025-08-11 20:32:43,948 - INFO - 🔧 Enriching data for RVN/USDT
2025-08-11 20:32:45,106 - INFO - 📊 Found setup for RVN/USDT: Quality=85.0, R/R=7.295289855072437
2025-08-11 20:32:46,644 - INFO - 🔧 Enriching data for AXL/USDT
2025-08-11 20:32:47,606 - INFO - 📊 Found setup for AXL/USDT: Quality=100.0, R/R=2.6341132025450857
2025-08-11 20:32:47,606 - INFO - Progress: 180/339 symbols scanned
2025-08-11 20:32:48,004 - INFO - 🔧 Enriching data for ROSE/USDT
2025-08-11 20:32:48,786 - INFO - 📊 Found setup for ROSE/USDT: Quality=85.0, R/R=8.711561264822125
2025-08-11 20:32:49,592 - INFO - 🔧 Enriching data for RDNT/USDT
2025-08-11 20:32:50,355 - INFO - 📊 Found setup for RDNT/USDT: Quality=95.0, R/R=7.870093599033777
2025-08-11 20:32:50,765 - INFO - 🔧 Enriching data for JTO/USDT
2025-08-11 20:32:51,523 - INFO - 📊 Found setup for JTO/USDT: Quality=85.0, R/R=4.64504076086962
2025-08-11 20:32:52,156 - INFO - 🔧 Enriching data for MEME/USDT
2025-08-11 20:32:52,919 - INFO - 📊 Found setup for MEME/USDT: Quality=100, R/R=0.5931677018633699
2025-08-11 20:32:53,326 - INFO - 🔧 Enriching data for BNSOL/USDT
2025-08-11 20:32:54,084 - INFO - 📊 Found setup for BNSOL/USDT: Quality=90.0, R/R=9.06295289855085
2025-08-11 20:32:54,511 - INFO - Progress: 190/339 symbols scanned
2025-08-11 20:32:55,118 - INFO - 🔧 Enriching data for CETUS/USDT
2025-08-11 20:32:55,928 - INFO - 📊 Found setup for CETUS/USDT: Quality=85.0, R/R=4.8177083333333695
2025-08-11 20:32:57,144 - INFO - 🔧 Enriching data for BANANA/USDT
2025-08-11 20:32:57,927 - INFO - 📊 Found setup for BANANA/USDT: Quality=85.0, R/R=9.71814613526549
2025-08-11 20:32:58,325 - INFO - 🔧 Enriching data for DIA/USDT
2025-08-11 20:32:59,154 - INFO - 📊 Found setup for DIA/USDT: Quality=75.0, R/R=10.270104277129757
2025-08-11 20:32:59,779 - INFO - 🔧 Enriching data for KDA/USDT
2025-08-11 20:33:00,588 - INFO - 📊 Found setup for KDA/USDT: Quality=100.0, R/R=2.4186176142697757
2025-08-11 20:33:00,588 - INFO - Progress: 200/339 symbols scanned
2025-08-11 20:33:01,068 - INFO - 🔧 Enriching data for HOOK/USDT
2025-08-11 20:33:01,868 - INFO - 📊 Found setup for HOOK/USDT: Quality=100, R/R=0.19021739130434936
2025-08-11 20:33:02,270 - INFO - 🔧 Enriching data for PARTI/USDT
2025-08-11 20:33:03,167 - INFO - 📊 Found setup for PARTI/USDT: Quality=95.0, R/R=1.2600334448160484
2025-08-11 20:33:03,977 - INFO - 🔧 Enriching data for GMT/USDT
2025-08-11 20:33:04,732 - INFO - 📊 Found setup for GMT/USDT: Quality=90.0, R/R=6.367391304347811
2025-08-11 20:33:05,125 - INFO - 🔧 Enriching data for SOPH/USDT
2025-08-11 20:33:05,963 - INFO - 📊 Found setup for SOPH/USDT: Quality=100, R/R=0.012140603085550426
2025-08-11 20:33:06,362 - INFO - 🔧 Enriching data for GUN/USDT
2025-08-11 20:33:07,166 - INFO - 📊 Found setup for GUN/USDT: Quality=100.0, R/R=4.245001940993852
2025-08-11 20:33:07,604 - INFO - 🔧 Enriching data for MASK/USDT
2025-08-11 20:33:08,679 - INFO - 📊 Found setup for MASK/USDT: Quality=90.0, R/R=6.59646739130433
2025-08-11 20:33:09,119 - INFO - 🔧 Enriching data for 1000CAT/USDT
2025-08-11 20:33:09,873 - INFO - 📊 Found setup for 1000CAT/USDT: Quality=100, R/R=1.1874999999999842
2025-08-11 20:33:10,495 - INFO - 🔧 Enriching data for CKB/USDT
2025-08-11 20:33:11,251 - INFO - 📊 Found setup for CKB/USDT: Quality=85.0, R/R=5.298196368848476
2025-08-11 20:33:11,251 - INFO - Progress: 210/339 symbols scanned
2025-08-11 20:33:12,068 - INFO - 🔧 Enriching data for MINA/USDT
2025-08-11 20:33:12,854 - INFO - 📊 Found setup for MINA/USDT: Quality=100.0, R/R=5.715579710144884
2025-08-11 20:33:14,157 - INFO - 🔧 Enriching data for NFP/USDT
2025-08-11 20:33:15,076 - INFO - 📊 Found setup for NFP/USDT: Quality=100.0, R/R=5.966485507246366
2025-08-11 20:33:15,707 - INFO - 🔧 Enriching data for NMR/USDT
2025-08-11 20:33:16,583 - INFO - 📊 Found setup for NMR/USDT: Quality=100, R/R=1.2424199084667982
2025-08-11 20:33:16,583 - INFO - Progress: 220/339 symbols scanned
2025-08-11 20:33:17,686 - INFO - 🔧 Enriching data for MANA/USDT
2025-08-11 20:33:18,436 - INFO - 📊 Found setup for MANA/USDT: Quality=96.0, R/R=5.028872282608788
2025-08-11 20:33:19,048 - INFO - 🔧 Enriching data for CGPT/USDT
2025-08-11 20:33:20,134 - INFO - 📊 Found setup for CGPT/USDT: Quality=100.0, R/R=5.041062801932364
2025-08-11 20:33:21,287 - INFO - 🔧 Enriching data for SUPER/USDT
2025-08-11 20:33:22,077 - INFO - 📊 Found setup for SUPER/USDT: Quality=100.0, R/R=5.973903101802788
2025-08-11 20:33:22,077 - INFO - Progress: 230/339 symbols scanned
2025-08-11 20:33:22,574 - INFO - 🔧 Enriching data for AXS/USDT
2025-08-11 20:33:23,336 - INFO - 📊 Found setup for AXS/USDT: Quality=96.0, R/R=5.931636155606504
2025-08-11 20:33:23,764 - INFO - 🔧 Enriching data for FIDA/USDT
2025-08-11 20:33:24,554 - INFO - 📊 Found setup for FIDA/USDT: Quality=100, R/R=4.240896739130423
2025-08-11 20:33:24,966 - INFO - 🔧 Enriching data for AUCTION/USDT
2025-08-11 20:33:25,759 - INFO - 📊 Found setup for AUCTION/USDT: Quality=90.0, R/R=7.720526755852858
2025-08-11 20:33:26,613 - INFO - 🔧 Enriching data for VANRY/USDT
2025-08-11 20:33:27,369 - INFO - 📊 Found setup for VANRY/USDT: Quality=85.0, R/R=3.4144021739130337
2025-08-11 20:33:28,060 - INFO - 🔧 Enriching data for 1MBABYDOGE/USDT
2025-08-11 20:33:28,932 - INFO - 📊 Found setup for 1MBABYDOGE/USDT: Quality=100, R/R=0.5958953089244841
2025-08-11 20:33:29,346 - INFO - 🔧 Enriching data for BICO/USDT
2025-08-11 20:33:30,208 - INFO - 📊 Found setup for BICO/USDT: Quality=85.0, R/R=5.084593572778843
2025-08-11 20:33:30,684 - INFO - 🔧 Enriching data for AI/USDT
2025-08-11 20:33:31,476 - INFO - 📊 Found setup for AI/USDT: Quality=85.0, R/R=5.594979296066226
2025-08-11 20:33:31,476 - INFO - Progress: 240/339 symbols scanned
2025-08-11 20:33:32,101 - INFO - 🔧 Enriching data for ENJ/USDT
2025-08-11 20:33:33,586 - INFO - 🔧 Enriching data for TRU/USDT
2025-08-11 20:33:34,341 - INFO - 📊 Found setup for TRU/USDT: Quality=100, R/R=0.03030936454848879
2025-08-11 20:33:35,005 - INFO - 🔧 Enriching data for CELO/USDT
2025-08-11 20:33:35,790 - INFO - 📊 Found setup for CELO/USDT: Quality=100, R/R=3.7407461809635967
2025-08-11 20:33:36,807 - INFO - 🔧 Enriching data for NXPC/USDT
2025-08-11 20:33:37,588 - INFO - 📊 Found setup for NXPC/USDT: Quality=100, R/R=0.27096273291926515
2025-08-11 20:33:37,983 - INFO - 🔧 Enriching data for DOGS/USDT
2025-08-11 20:33:38,720 - INFO - 📊 Found setup for DOGS/USDT: Quality=100, R/R=1.5234257871064343
2025-08-11 20:33:38,720 - INFO - Progress: 250/339 symbols scanned
2025-08-11 20:33:39,329 - INFO - 🔧 Enriching data for STO/USDT
2025-08-11 20:33:40,141 - INFO - 📊 Found setup for STO/USDT: Quality=100, R/R=0.4707880434782694
2025-08-11 20:33:40,544 - INFO - 🔧 Enriching data for SYN/USDT
2025-08-11 20:33:41,283 - INFO - 📊 Found setup for SYN/USDT: Quality=100, R/R=0.2370169082125643
2025-08-11 20:33:42,346 - INFO - 🔧 Enriching data for AEVO/USDT
2025-08-11 20:33:43,099 - INFO - 📊 Found setup for AEVO/USDT: Quality=100, R/R=4.9614470108694935
2025-08-11 20:33:43,717 - INFO - 🔧 Enriching data for PIXEL/USDT
2025-08-11 20:33:44,759 - INFO - 📊 Found setup for PIXEL/USDT: Quality=75.0, R/R=7.873212242562803
2025-08-11 20:33:45,159 - INFO - 🔧 Enriching data for BEL/USDT
2025-08-11 20:33:45,912 - INFO - 📊 Found setup for BEL/USDT: Quality=100, R/R=1.323266045548657
2025-08-11 20:33:45,912 - INFO - Progress: 260/339 symbols scanned
2025-08-11 20:33:46,742 - INFO - 🔧 Enriching data for VANA/USDT
2025-08-11 20:33:47,601 - INFO - 📊 Found setup for VANA/USDT: Quality=100, R/R=6.7525266971778315
2025-08-11 20:33:48,214 - INFO - 🔧 Enriching data for ANKR/USDT
2025-08-11 20:33:48,985 - INFO - 📊 Found setup for ANKR/USDT: Quality=100, R/R=0.43768115942028485
2025-08-11 20:33:49,389 - INFO - 🔧 Enriching data for DYM/USDT
2025-08-11 20:33:50,230 - INFO - 📊 Found setup for DYM/USDT: Quality=100.0, R/R=5.472826086956523
2025-08-11 20:33:50,871 - INFO - 🔧 Enriching data for LAYER/USDT
2025-08-11 20:33:51,635 - INFO - 📊 Found setup for LAYER/USDT: Quality=75.0, R/R=4.7038043478260505
2025-08-11 20:33:52,283 - INFO - Progress: 270/339 symbols scanned
2025-08-11 20:33:52,697 - INFO - 🔧 Enriching data for ANIME/USDT
2025-08-11 20:33:53,477 - INFO - 📊 Found setup for ANIME/USDT: Quality=75.0, R/R=7.198493083003974
2025-08-11 20:33:54,112 - INFO - 🔧 Enriching data for ONE/USDT
2025-08-11 20:33:54,865 - INFO - 📊 Found setup for ONE/USDT: Quality=100, R/R=1.5374713958809823
2025-08-11 20:33:55,262 - INFO - 🔧 Enriching data for NEXO/USDT
2025-08-11 20:33:56,132 - INFO - 📊 Found setup for NEXO/USDT: Quality=100.0, R/R=3.1635375494071303
2025-08-11 20:33:56,930 - INFO - 🔧 Enriching data for PYR/USDT
2025-08-11 20:33:57,791 - INFO - 📊 Found setup for PYR/USDT: Quality=100.0, R/R=4.605978260869596
2025-08-11 20:33:58,397 - INFO - 🔧 Enriching data for LRC/USDT
2025-08-11 20:33:59,251 - INFO - 📊 Found setup for LRC/USDT: Quality=100, R/R=5.308763586956577
2025-08-11 20:33:59,661 - INFO - 🔧 Enriching data for ZEC/USDT
2025-08-11 20:34:00,650 - INFO - 📊 Found setup for ZEC/USDT: Quality=100.0, R/R=3.919984284965887
2025-08-11 20:34:01,061 - INFO - 🔧 Enriching data for BAT/USDT
2025-08-11 20:34:01,889 - INFO - 📊 Found setup for BAT/USDT: Quality=100.0, R/R=2.769810659186546
2025-08-11 20:34:02,299 - INFO - 🔧 Enriching data for COTI/USDT
2025-08-11 20:34:03,116 - INFO - 📊 Found setup for COTI/USDT: Quality=100, R/R=0.49382829771554965
2025-08-11 20:34:03,116 - INFO - Progress: 280/339 symbols scanned
2025-08-11 20:34:03,880 - INFO - 🔧 Enriching data for BAKE/USDT
2025-08-11 20:34:04,667 - INFO - 📊 Found setup for BAKE/USDT: Quality=90.0, R/R=4.883831521739137
2025-08-11 20:34:05,084 - INFO - 🔧 Enriching data for LUNA/USDT
2025-08-11 20:34:05,849 - INFO - 📊 Found setup for LUNA/USDT: Quality=75.0, R/R=5.29683503836312
2025-08-11 20:34:06,270 - INFO - 🔧 Enriching data for PHB/USDT
2025-08-11 20:34:07,125 - INFO - 📊 Found setup for PHB/USDT: Quality=100.0, R/R=2.7725883152173854
2025-08-11 20:34:07,566 - INFO - 🔧 Enriching data for ZRX/USDT
2025-08-11 20:34:08,348 - INFO - 📊 Found setup for ZRX/USDT: Quality=90.0, R/R=6.02820211515854
2025-08-11 20:34:08,972 - INFO - 🔧 Enriching data for KNC/USDT
2025-08-11 20:34:09,735 - INFO - 📊 Found setup for KNC/USDT: Quality=85.0, R/R=1.9025178866263013
2025-08-11 20:34:10,347 - INFO - 🔧 Enriching data for EGLD/USDT
2025-08-11 20:34:11,105 - INFO - 📊 Found setup for EGLD/USDT: Quality=75.0, R/R=7.5723062381852255
2025-08-11 20:34:11,546 - INFO - Progress: 290/339 symbols scanned
2025-08-11 20:34:12,347 - INFO - 🔧 Enriching data for KMNO/USDT
2025-08-11 20:34:13,099 - INFO - 📊 Found setup for KMNO/USDT: Quality=85.0, R/R=2.701109414301124
2025-08-11 20:34:13,513 - INFO - 🔧 Enriching data for ME/USDT
2025-08-11 20:34:14,304 - INFO - 📊 Found setup for ME/USDT: Quality=75.0, R/R=3.721127717391299
2025-08-11 20:34:14,761 - INFO - 🔧 Enriching data for SNX/USDT
2025-08-11 20:34:16,545 - INFO - Progress: 300/339 symbols scanned
2025-08-11 20:34:17,993 - INFO - 🔧 Enriching data for ZIL/USDT
2025-08-11 20:34:18,751 - INFO - 📊 Found setup for ZIL/USDT: Quality=100, R/R=1.7314311594202847
2025-08-11 20:34:19,362 - INFO - 🔧 Enriching data for API3/USDT
2025-08-11 20:34:20,177 - INFO - 📊 Found setup for API3/USDT: Quality=75.0, R/R=10.253057065217389
2025-08-11 20:34:20,793 - INFO - 🔧 Enriching data for UMA/USDT
2025-08-11 20:34:21,547 - INFO - 📊 Found setup for UMA/USDT: Quality=85.0, R/R=5.822628458497944
2025-08-11 20:34:21,547 - INFO - Progress: 310/339 symbols scanned
2025-08-11 20:34:22,373 - INFO - 🔧 Enriching data for NIL/USDT
2025-08-11 20:34:23,122 - INFO - 📊 Found setup for NIL/USDT: Quality=85.0, R/R=4.89463080959519
2025-08-11 20:34:23,724 - INFO - 🔧 Enriching data for SKL/USDT
2025-08-11 20:34:24,534 - INFO - 📊 Found setup for SKL/USDT: Quality=100.0, R/R=3.7617368177613324
2025-08-11 20:34:25,138 - INFO - 🔧 Enriching data for FLOW/USDT
2025-08-11 20:34:26,302 - INFO - 🔧 Enriching data for HOT/USDT
2025-08-11 20:34:27,051 - INFO - 📊 Found setup for HOT/USDT: Quality=100, R/R=1.6665969899665616
2025-08-11 20:34:27,461 - INFO - 🔧 Enriching data for TNSR/USDT
2025-08-11 20:34:28,223 - INFO - 📊 Found setup for TNSR/USDT: Quality=90.0, R/R=6.38958810068651
2025-08-11 20:34:28,430 - INFO - Progress: 320/339 symbols scanned
2025-08-11 20:34:28,837 - INFO - 🔧 Enriching data for BIGTIME/USDT
2025-08-11 20:34:29,666 - INFO - 📊 Found setup for BIGTIME/USDT: Quality=90.0, R/R=4.666656010230147
2025-08-11 20:34:30,602 - INFO - 🔧 Enriching data for HMSTR/USDT
2025-08-11 20:34:31,364 - INFO - 📊 Found setup for HMSTR/USDT: Quality=100, R/R=1.3754180602006785
2025-08-11 20:34:31,776 - INFO - 🔧 Enriching data for GPS/USDT
2025-08-11 20:34:32,547 - INFO - 📊 Found setup for GPS/USDT: Quality=100, R/R=0.6951581027667897
2025-08-11 20:34:33,925 - INFO - Progress: 330/339 symbols scanned
2025-08-11 20:34:35,136 - INFO - 🔧 Enriching data for ACE/USDT
2025-08-11 20:34:35,908 - INFO - 📊 Found setup for ACE/USDT: Quality=85.0, R/R=7.486660079051274
2025-08-11 20:34:36,318 - INFO - 🔧 Enriching data for CHR/USDT
2025-08-11 20:34:37,086 - INFO - 📊 Found setup for CHR/USDT: Quality=75.0, R/R=8.253849637681151
2025-08-11 20:34:37,503 - INFO - 🔧 Enriching data for GLMR/USDT
2025-08-11 20:34:38,283 - INFO - 📊 Found setup for GLMR/USDT: Quality=75.0, R/R=6.182065217391364
2025-08-11 20:34:38,706 - INFO - Found 133 setups, showing top 20
2025-08-11 20:34:38,706 - INFO - 
🔴 SHORT Signal: STG/USDT
━━━━━━━━━━━━━━━━━━━━━━━━

📊 FVG ZONE:
- Gap High: $0.1913
- Gap Low: $0.1883
- Entry (Midpoint): $0.1898

📈 MARKET STRUCTURE:
- Swing High: $0.1563
- Swing Low: $0.1615
- Swing Range: 3.2%

💹 CURRENT STATUS:
- Price Now: $0.1864
- Distance to Entry: 1.8%
- Action: Wait for rally to entry

🛑 RISK MANAGEMENT:
- Stop Loss: $0.1920 (-1.2%)
- Risk/Reward: 16.1:1

🎯 SMART FIBONACCI TARGETS:
- T1: $0.1543 (+18.7%) [23.6%] - Exit 50%
- T2: $0.1537 (+19.0%) [23.6%] - Exit 30%
- T3: $0.1522 (+19.8%) [23.6%] - Exit 20%

📈 SETUP QUALITY:
- FVG Score: 100/100
- Fib Confluence: 0/100
- Final Score: 100/100
- Gap Size: 1.6%
- FVG Age: 0 bars
- Volume Surge: Yes ✅
- Category: Others

💡 Strategy: R21 FVG + Smart Fibonacci
⏰ Time: 2025-08-11 20:31

2025-08-11 20:34:38,706 - INFO - 
🔴 SHORT Signal: BERA/USDT
━━━━━━━━━━━━━━━━━━━━━━━━

📊 FVG ZONE:
- Gap High: $2.0590
- Gap Low: $2.0260
- Entry (Midpoint): $2.0425

📈 MARKET STRUCTURE:
- Swing High: $1.9130
- Swing Low: $1.8150
- Swing Range: 5.4%

💹 CURRENT STATUS:
- Price Now: $2.0200
- Distance to Entry: 1.1%
- Action: Wait for rally to entry

🛑 RISK MANAGEMENT:
- Stop Loss: $2.0668 (-1.2%)
- Risk/Reward: 6.9:1

🎯 SMART FIBONACCI TARGETS:
- T1: $1.8756 (+8.2%) [38.2%] - Exit 50%
- T2: $1.8640 (+8.7%) [50%] - Exit 30%
- T3: $1.8360 (+10.1%) [78.6%] - Exit 20%

📈 SETUP QUALITY:
- FVG Score: 100/100
- Fib Confluence: 0/100
- Final Score: 100/100
- Gap Size: 1.6%
- FVG Age: 1 bars
- Volume Surge: Yes ✅
- Category: Others

💡 Strategy: R21 FVG + Smart Fibonacci
⏰ Time: 2025-08-11 20:32

2025-08-11 20:34:38,706 - INFO - 
🔴 SHORT Signal: VANA/USDT
━━━━━━━━━━━━━━━━━━━━━━━━

📊 FVG ZONE:
- Gap High: $4.5070
- Gap Low: $4.4500
- Entry (Midpoint): $4.4785

📈 MARKET STRUCTURE:
- Swing High: $4.2720
- Swing Low: $4.4730
- Swing Range: 4.5%

💹 CURRENT STATUS:
- Price Now: $4.4630
- Distance to Entry: 0.3%
- Action: Enter SHORT now (at FVG midpoint)

🛑 RISK MANAGEMENT:
- Stop Loss: $4.5205 (-0.9%)
- Risk/Reward: 6.8:1

🎯 SMART FIBONACCI TARGETS:
- T1: $4.1952 (+6.3%) [23.6%] - Exit 50%
- T2: $4.1715 (+6.9%) [23.6%] - Exit 30%
- T3: $4.1140 (+8.1%) [23.6%] - Exit 20%

📈 SETUP QUALITY:
- FVG Score: 90/100
- Fib Confluence: 20/100
- Final Score: 100/100
- Gap Size: 1.3%
- FVG Age: 1 bars
- Volume Surge: Yes ✅
- Category: Others

💡 Strategy: R21 FVG + Smart Fibonacci
⏰ Time: 2025-08-11 20:33

2025-08-11 20:34:38,707 - INFO - 
🔴 SHORT Signal: ALT/USDT
━━━━━━━━━━━━━━━━━━━━━━━━

📊 FVG ZONE:
- Gap High: $0.0368
- Gap Low: $0.0362
- Entry (Midpoint): $0.0365

📈 MARKET STRUCTURE:
- Swing High: $0.0345
- Swing Low: $0.0367
- Swing Range: 6.1%

💹 CURRENT STATUS:
- Price Now: $0.0363
- Distance to Entry: 0.6%
- Action: Enter SHORT now (at FVG midpoint)

🛑 RISK MANAGEMENT:
- Stop Loss: $0.0370 (-1.2%)
- Risk/Reward: 6.4:1

🎯 SMART FIBONACCI TARGETS:
- T1: $0.0336 (+8.0%) [23.6%] - Exit 50%
- T2: $0.0333 (+8.7%) [23.6%] - Exit 30%
- T3: $0.0327 (+10.5%) [23.6%] - Exit 20%

📈 SETUP QUALITY:
- FVG Score: 85/100
- Fib Confluence: 20/100
- Final Score: 100/100
- Gap Size: 1.7%
- FVG Age: 1 bars
- Volume Surge: Yes ✅
- Category: Others

💡 Strategy: R21 FVG + Smart Fibonacci
⏰ Time: 2025-08-11 20:32

2025-08-11 20:34:38,707 - INFO - 
🔴 SHORT Signal: XAI/USDT
━━━━━━━━━━━━━━━━━━━━━━━━

📊 FVG ZONE:
- Gap High: $0.0539
- Gap Low: $0.0531
- Entry (Midpoint): $0.0535

📈 MARKET STRUCTURE:
- Swing High: $0.0510
- Swing Low: $0.0477
- Swing Range: 6.9%

💹 CURRENT STATUS:
- Price Now: $0.0534
- Distance to Entry: 0.2%
- Action: Enter SHORT now (at FVG midpoint)

🛑 RISK MANAGEMENT:
- Stop Loss: $0.0541 (-1.1%)
- Risk/Reward: 6.4:1

🎯 SMART FIBONACCI TARGETS:
- T1: $0.0497 (+7.0%) [38.2%] - Exit 50%
- T2: $0.0493 (+7.8%) [50%] - Exit 30%
- T3: $0.0484 (+9.5%) [78.6%] - Exit 20%

📈 SETUP QUALITY:
- FVG Score: 100/100
- Fib Confluence: 0/100
- Final Score: 100/100
- Gap Size: 1.5%
- FVG Age: 1 bars
- Volume Surge: Yes ✅
- Category: Others

💡 Strategy: R21 FVG + Smart Fibonacci
⏰ Time: 2025-08-11 20:32

2025-08-11 20:34:38,707 - INFO - 
🔴 SHORT Signal: SUPER/USDT
━━━━━━━━━━━━━━━━━━━━━━━━

📊 FVG ZONE:
- Gap High: $0.7887
- Gap Low: $0.7723
- Entry (Midpoint): $0.7805

📈 MARKET STRUCTURE:
- Swing High: $0.7163
- Swing Low: $0.6956
- Swing Range: 3.0%

💹 CURRENT STATUS:
- Price Now: $0.7753
- Distance to Entry: 0.7%
- Action: Enter SHORT now (at FVG midpoint)

🛑 RISK MANAGEMENT:
- Stop Loss: $0.7926 (-1.5%)
- Risk/Reward: 6.0:1

🎯 SMART FIBONACCI TARGETS:
- T1: $0.7084 (+9.2%) [38.2%] - Exit 50%
- T2: $0.7060 (+9.6%) [50%] - Exit 30%
- T3: $0.7000 (+10.3%) [78.6%] - Exit 20%

📈 SETUP QUALITY:
- FVG Score: 100/100
- Fib Confluence: 0/100
- Final Score: 100/100
- Gap Size: 2.1%
- FVG Age: 1 bars
- Volume Surge: Yes ✅
- Category: Others

💡 Strategy: R21 FVG + Smart Fibonacci
⏰ Time: 2025-08-11 20:33

2025-08-11 20:34:38,707 - INFO - 
🔴 SHORT Signal: NFP/USDT
━━━━━━━━━━━━━━━━━━━━━━━━

📊 FVG ZONE:
- Gap High: $0.0749
- Gap Low: $0.0731
- Entry (Midpoint): $0.0740

📈 MARKET STRUCTURE:
- Swing High: $0.0677
- Swing Low: $0.0635
- Swing Range: 6.6%

💹 CURRENT STATUS:
- Price Now: $0.0742
- Distance to Entry: -0.3%
- Action: Enter SHORT now (at FVG midpoint)

🛑 RISK MANAGEMENT:
- Stop Loss: $0.0753 (-1.8%)
- Risk/Reward: 6.0:1

🎯 SMART FIBONACCI TARGETS:
- T1: $0.0661 (+10.7%) [38.2%] - Exit 50%
- T2: $0.0656 (+11.4%) [50%] - Exit 30%
- T3: $0.0644 (+13.0%) [78.6%] - Exit 20%

📈 SETUP QUALITY:
- FVG Score: 100/100
- Fib Confluence: 0/100
- Final Score: 100/100
- Gap Size: 2.5%
- FVG Age: 1 bars
- Volume Surge: Yes ✅
- Category: Others

💡 Strategy: R21 FVG + Smart Fibonacci
⏰ Time: 2025-08-11 20:33

2025-08-11 20:34:38,707 - INFO - 
🔴 SHORT Signal: STX/USDT
━━━━━━━━━━━━━━━━━━━━━━━━

📊 FVG ZONE:
- Gap High: $0.7740
- Gap Low: $0.7590
- Entry (Midpoint): $0.7665

📈 MARKET STRUCTURE:
- Swing High: $0.7150
- Swing Low: $0.6790
- Swing Range: 5.3%

💹 CURRENT STATUS:
- Price Now: $0.7560
- Distance to Entry: 1.4%
- Action: Wait for rally to entry

🛑 RISK MANAGEMENT:
- Stop Loss: $0.7775 (-1.4%)
- Risk/Reward: 5.9:1

🎯 SMART FIBONACCI TARGETS:
- T1: $0.7012 (+8.5%) [38.2%] - Exit 50%
- T2: $0.6970 (+9.1%) [50%] - Exit 30%
- T3: $0.6867 (+10.4%) [78.6%] - Exit 20%

📈 SETUP QUALITY:
- FVG Score: 100/100
- Fib Confluence: 0/100
- Final Score: 100/100
- Gap Size: 2.0%
- FVG Age: 1 bars
- Volume Surge: Yes ✅
- Category: Others

💡 Strategy: R21 FVG + Smart Fibonacci
⏰ Time: 2025-08-11 20:32

2025-08-11 20:34:38,707 - INFO - 
🔴 SHORT Signal: FET/USDT
━━━━━━━━━━━━━━━━━━━━━━━━

📊 FVG ZONE:
- Gap High: $0.7230
- Gap Low: $0.7100
- Entry (Midpoint): $0.7165

📈 MARKET STRUCTURE:
- Swing High: $0.6700
- Swing Low: $0.6940
- Swing Range: 3.5%

💹 CURRENT STATUS:
- Price Now: $0.7130
- Distance to Entry: 0.5%
- Action: Enter SHORT now (at FVG midpoint)

🛑 RISK MANAGEMENT:
- Stop Loss: $0.7261 (-1.3%)
- Risk/Reward: 5.8:1

🎯 SMART FIBONACCI TARGETS:
- T1: $0.6608 (+7.8%) [23.6%] - Exit 50%
- T2: $0.6580 (+8.2%) [23.6%] - Exit 30%
- T3: $0.6511 (+9.1%) [23.6%] - Exit 20%

📈 SETUP QUALITY:
- FVG Score: 100/100
- Fib Confluence: 0/100
- Final Score: 100/100
- Gap Size: 1.8%
- FVG Age: 1 bars
- Volume Surge: Yes ✅
- Category: Others

💡 Strategy: R21 FVG + Smart Fibonacci
⏰ Time: 2025-08-11 20:31

2025-08-11 20:34:38,707 - INFO - 
🔴 SHORT Signal: MINA/USDT
━━━━━━━━━━━━━━━━━━━━━━━━

📊 FVG ZONE:
- Gap High: $0.1989
- Gap Low: $0.1959
- Entry (Midpoint): $0.1974

📈 MARKET STRUCTURE:
- Swing High: $0.1886
- Swing Low: $0.1786
- Swing Range: 5.6%

💹 CURRENT STATUS:
- Price Now: $0.1959
- Distance to Entry: 0.8%
- Action: Enter SHORT now (at FVG midpoint)

🛑 RISK MANAGEMENT:
- Stop Loss: $0.1996 (-1.1%)
- Risk/Reward: 5.7:1

🎯 SMART FIBONACCI TARGETS:
- T1: $0.1848 (+6.4%) [38.2%] - Exit 50%
- T2: $0.1836 (+7.0%) [50%] - Exit 30%
- T3: $0.1807 (+8.4%) [78.6%] - Exit 20%

📈 SETUP QUALITY:
- FVG Score: 100/100
- Fib Confluence: 0/100
- Final Score: 100/100
- Gap Size: 1.5%
- FVG Age: 1 bars
- Volume Surge: Yes ✅
- Category: Others

💡 Strategy: R21 FVG + Smart Fibonacci
⏰ Time: 2025-08-11 20:33

2025-08-11 20:34:38,707 - INFO - 
🔴 SHORT Signal: DYM/USDT
━━━━━━━━━━━━━━━━━━━━━━━━

📊 FVG ZONE:
- Gap High: $0.2690
- Gap Low: $0.2650
- Entry (Midpoint): $0.2670

📈 MARKET STRUCTURE:
- Swing High: $0.2570
- Swing Low: $0.2410
- Swing Range: 6.6%

💹 CURRENT STATUS:
- Price Now: $0.2650
- Distance to Entry: 0.8%
- Action: Enter SHORT now (at FVG midpoint)

🛑 RISK MANAGEMENT:
- Stop Loss: $0.2699 (-1.1%)
- Risk/Reward: 5.5:1

🎯 SMART FIBONACCI TARGETS:
- T1: $0.2509 (+6.0%) [38.2%] - Exit 50%
- T2: $0.2490 (+6.7%) [50%] - Exit 30%
- T3: $0.2444 (+8.5%) [78.6%] - Exit 20%

📈 SETUP QUALITY:
- FVG Score: 100/100
- Fib Confluence: 0/100
- Final Score: 100/100
- Gap Size: 1.5%
- FVG Age: 1 bars
- Volume Surge: Yes ✅
- Category: Others

💡 Strategy: R21 FVG + Smart Fibonacci
⏰ Time: 2025-08-11 20:33

2025-08-11 20:34:38,707 - INFO - 
🔴 SHORT Signal: LPT/USDT
━━━━━━━━━━━━━━━━━━━━━━━━

📊 FVG ZONE:
- Gap High: $6.8760
- Gap Low: $6.7590
- Entry (Midpoint): $6.8175

📈 MARKET STRUCTURE:
- Swing High: $6.4990
- Swing Low: $6.1060
- Swing Range: 6.4%

💹 CURRENT STATUS:
- Price Now: $6.7620
- Distance to Entry: 0.8%
- Action: Enter SHORT now (at FVG midpoint)

🛑 RISK MANAGEMENT:
- Stop Loss: $6.9036 (-1.3%)
- Risk/Reward: 5.4:1

🎯 SMART FIBONACCI TARGETS:
- T1: $6.3489 (+6.9%) [38.2%] - Exit 50%
- T2: $6.3025 (+7.6%) [50%] - Exit 30%
- T3: $6.1901 (+9.2%) [78.6%] - Exit 20%

📈 SETUP QUALITY:
- FVG Score: 100/100
- Fib Confluence: 0/100
- Final Score: 100/100
- Gap Size: 1.7%
- FVG Age: 1 bars
- Volume Surge: Yes ✅
- Category: Others

💡 Strategy: R21 FVG + Smart Fibonacci
⏰ Time: 2025-08-11 20:32

2025-08-11 20:34:38,707 - INFO - 
🔴 SHORT Signal: LRC/USDT
━━━━━━━━━━━━━━━━━━━━━━━━

📊 FVG ZONE:
- Gap High: $0.0900
- Gap Low: $0.0884
- Entry (Midpoint): $0.0892

📈 MARKET STRUCTURE:
- Swing High: $0.0844
- Swing Low: $0.0806
- Swing Range: 4.7%

💹 CURRENT STATUS:
- Price Now: $0.0884
- Distance to Entry: 0.9%
- Action: Enter SHORT now (at FVG midpoint)

🛑 RISK MANAGEMENT:
- Stop Loss: $0.0904 (-1.3%)
- Risk/Reward: 5.3:1

🎯 SMART FIBONACCI TARGETS:
- T1: $0.0829 (+7.0%) [38.2%] - Exit 50%
- T2: $0.0825 (+7.5%) [50%] - Exit 30%
- T3: $0.0814 (+8.7%) [78.6%] - Exit 20%

📈 SETUP QUALITY:
- FVG Score: 100/100
- Fib Confluence: 0/100
- Final Score: 100/100
- Gap Size: 1.8%
- FVG Age: 1 bars
- Volume Surge: Yes ✅
- Category: Layer 2/Scaling

💡 Strategy: R21 FVG + Smart Fibonacci
⏰ Time: 2025-08-11 20:33

2025-08-11 20:34:38,707 - INFO - 
🔴 SHORT Signal: WCT/USDT
━━━━━━━━━━━━━━━━━━━━━━━━

📊 FVG ZONE:
- Gap High: $0.3297
- Gap Low: $0.3241
- Entry (Midpoint): $0.3269

📈 MARKET STRUCTURE:
- Swing High: $0.3112
- Swing Low: $0.3273
- Swing Range: 4.9%

💹 CURRENT STATUS:
- Price Now: $0.3241
- Distance to Entry: 0.9%
- Action: Enter SHORT now (at FVG midpoint)

🛑 RISK MANAGEMENT:
- Stop Loss: $0.3310 (-1.3%)
- Risk/Reward: 5.3:1

🎯 SMART FIBONACCI TARGETS:
- T1: $0.3050 (+6.7%) [23.6%] - Exit 50%
- T2: $0.3031 (+7.3%) [23.6%] - Exit 30%
- T3: $0.2985 (+8.7%) [23.6%] - Exit 20%

📈 SETUP QUALITY:
- FVG Score: 85/100
- Fib Confluence: 20/100
- Final Score: 100/100
- Gap Size: 1.7%
- FVG Age: 1 bars
- Volume Surge: Yes ✅
- Category: Others

💡 Strategy: R21 FVG + Smart Fibonacci
⏰ Time: 2025-08-11 20:32

2025-08-11 20:34:38,707 - INFO - 
🔴 SHORT Signal: CGPT/USDT
━━━━━━━━━━━━━━━━━━━━━━━━

📊 FVG ZONE:
- Gap High: $0.1031
- Gap Low: $0.1013
- Entry (Midpoint): $0.1022

📈 MARKET STRUCTURE:
- Swing High: $0.0998
- Swing Low: $0.0886
- Swing Range: 12.6%

💹 CURRENT STATUS:
- Price Now: $0.1014
- Distance to Entry: 0.8%
- Action: Enter SHORT now (at FVG midpoint)

🛑 RISK MANAGEMENT:
- Stop Loss: $0.1035 (-1.3%)
- Risk/Reward: 5.0:1

🎯 SMART FIBONACCI TARGETS:
- T1: $0.0955 (+6.5%) [38.2%] - Exit 50%
- T2: $0.0942 (+7.8%) [50%] - Exit 30%
- T3: $0.0910 (+11.0%) [78.6%] - Exit 20%

📈 SETUP QUALITY:
- FVG Score: 100/100
- Fib Confluence: 0/100
- Final Score: 100/100
- Gap Size: 1.8%
- FVG Age: 1 bars
- Volume Surge: Yes ✅
- Category: Others

💡 Strategy: R21 FVG + Smart Fibonacci
⏰ Time: 2025-08-11 20:33

2025-08-11 20:34:38,707 - INFO - 
🔴 SHORT Signal: AEVO/USDT
━━━━━━━━━━━━━━━━━━━━━━━━

📊 FVG ZONE:
- Gap High: $0.1014
- Gap Low: $0.0998
- Entry (Midpoint): $0.1006

📈 MARKET STRUCTURE:
- Swing High: $0.0964
- Swing Low: $0.1007
- Swing Range: 4.3%

💹 CURRENT STATUS:
- Price Now: $0.0999
- Distance to Entry: 0.8%
- Action: Enter SHORT now (at FVG midpoint)

🛑 RISK MANAGEMENT:
- Stop Loss: $0.1018 (-1.2%)
- Risk/Reward: 5.0:1

🎯 SMART FIBONACCI TARGETS:
- T1: $0.0948 (+5.8%) [23.6%] - Exit 50%
- T2: $0.0943 (+6.3%) [23.6%] - Exit 30%
- T3: $0.0930 (+7.5%) [23.6%] - Exit 20%

📈 SETUP QUALITY:
- FVG Score: 100/100
- Fib Confluence: 20/100
- Final Score: 100/100
- Gap Size: 1.6%
- FVG Age: 1 bars
- Volume Surge: Yes ✅
- Category: Others

💡 Strategy: R21 FVG + Smart Fibonacci
⏰ Time: 2025-08-11 20:33

2025-08-11 20:34:38,707 - INFO - 
🔴 SHORT Signal: WIF/USDT
━━━━━━━━━━━━━━━━━━━━━━━━

📊 FVG ZONE:
- Gap High: $0.9750
- Gap Low: $0.9620
- Entry (Midpoint): $0.9685

📈 MARKET STRUCTURE:
- Swing High: $0.9390
- Swing Low: $0.8930
- Swing Range: 5.2%

💹 CURRENT STATUS:
- Price Now: $0.9580
- Distance to Entry: 1.1%
- Action: Wait for rally to entry

🛑 RISK MANAGEMENT:
- Stop Loss: $0.9781 (-1.0%)
- Risk/Reward: 4.9:1

🎯 SMART FIBONACCI TARGETS:
- T1: $0.9214 (+4.9%) [38.2%] - Exit 50%
- T2: $0.9160 (+5.4%) [50%] - Exit 30%
- T3: $0.9028 (+6.8%) [78.6%] - Exit 20%

📈 SETUP QUALITY:
- FVG Score: 90/100
- Fib Confluence: 0/100
- Final Score: 100/100
- Gap Size: 1.4%
- FVG Age: 1 bars
- Volume Surge: Yes ✅
- Category: Meme/Community

💡 Strategy: R21 FVG + Smart Fibonacci
⏰ Time: 2025-08-11 20:31

2025-08-11 20:34:38,707 - INFO - 
🔴 SHORT Signal: WLD/USDT
━━━━━━━━━━━━━━━━━━━━━━━━

📊 FVG ZONE:
- Gap High: $1.0650
- Gap Low: $1.0420
- Entry (Midpoint): $1.0535

📈 MARKET STRUCTURE:
- Swing High: $0.9790
- Swing Low: $0.9660
- Swing Range: 1.3%

💹 CURRENT STATUS:
- Price Now: $1.0400
- Distance to Entry: 1.3%
- Action: Wait for rally to entry

🛑 RISK MANAGEMENT:
- Stop Loss: $1.0704 (-1.6%)
- Risk/Reward: 4.7:1

🎯 SMART FIBONACCI TARGETS:
- T1: $0.9740 (+7.5%) [38.2%] - Exit 50%
- T2: $0.9725 (+7.7%) [50%] - Exit 30%
- T3: $0.9688 (+8.0%) [78.6%] - Exit 20%

📈 SETUP QUALITY:
- FVG Score: 100/100
- Fib Confluence: 0/100
- Final Score: 100/100
- Gap Size: 2.2%
- FVG Age: 1 bars
- Volume Surge: Yes ✅
- Category: Others

💡 Strategy: R21 FVG + Smart Fibonacci
⏰ Time: 2025-08-11 20:31

2025-08-11 20:34:38,707 - INFO - 
🔴 SHORT Signal: PYR/USDT
━━━━━━━━━━━━━━━━━━━━━━━━

📊 FVG ZONE:
- Gap High: $1.1740
- Gap Low: $1.1650
- Entry (Midpoint): $1.1695

📈 MARKET STRUCTURE:
- Swing High: $1.1600
- Swing Low: $1.1050
- Swing Range: 5.0%

💹 CURRENT STATUS:
- Price Now: $1.1620
- Distance to Entry: 0.6%
- Action: Enter SHORT now (at FVG midpoint)

🛑 RISK MANAGEMENT:
- Stop Loss: $1.1761 (-0.6%)
- Risk/Reward: 4.6:1

🎯 SMART FIBONACCI TARGETS:
- T1: $1.1390 (+2.6%) [38.2%] - Exit 50%
- T2: $1.1325 (+3.2%) [50%] - Exit 30%
- T3: $1.1168 (+4.5%) [78.6%] - Exit 20%

📈 SETUP QUALITY:
- FVG Score: 80/100
- Fib Confluence: 20/100
- Final Score: 100/100
- Gap Size: 0.8%
- FVG Age: 1 bars
- Volume Surge: Yes ✅
- Category: Others

💡 Strategy: R21 FVG + Smart Fibonacci
⏰ Time: 2025-08-11 20:33

2025-08-11 20:34:38,707 - INFO - 
🔴 SHORT Signal: FIL/USDT
━━━━━━━━━━━━━━━━━━━━━━━━

📊 FVG ZONE:
- Gap High: $2.5980
- Gap Low: $2.5510
- Entry (Midpoint): $2.5745

📈 MARKET STRUCTURE:
- Swing High: $2.4560
- Swing Low: $2.3670
- Swing Range: 3.8%

💹 CURRENT STATUS:
- Price Now: $2.5620
- Distance to Entry: 0.5%
- Action: Enter SHORT now (at FVG midpoint)

🛑 RISK MANAGEMENT:
- Stop Loss: $2.6091 (-1.3%)
- Risk/Reward: 4.4:1

🎯 SMART FIBONACCI TARGETS:
- T1: $2.4220 (+5.9%) [38.2%] - Exit 50%
- T2: $2.4115 (+6.3%) [50%] - Exit 30%
- T3: $2.3860 (+7.3%) [78.6%] - Exit 20%

📈 SETUP QUALITY:
- FVG Score: 100/100
- Fib Confluence: 0/100
- Final Score: 100/100
- Gap Size: 1.8%
- FVG Age: 1 bars
- Volume Surge: Yes ✅
- Category: Infrastructure

💡 Strategy: R21 FVG + Smart Fibonacci
⏰ Time: 2025-08-11 20:31

2025-08-11 20:34:38,707 - INFO - Scan complete. Found 133 high-quality setups, displayed 20
2025-08-11 20:34:38,708 - INFO - Performance Stats: {'total_scans': 5, 'setups_found': 133, 'alerts_sent': 200}
2025-08-11 20:34:38,708 - INFO - Next scan in 900 seconds...
2025-08-11 20:49:38,728 - INFO - Starting scan of top 500 symbols...
2025-08-11 20:49:38,730 - WARNING - ⚠️ Database not connected - running in offline mode
2025-08-11 20:49:38,730 - WARNING - Results will not be saved to database
2025-08-11 20:49:38,730 - INFO - 📝 Running without database logging (offline mode)
2025-08-11 20:49:39,202 - INFO - Scanning 339 symbols
2025-08-11 20:49:39,204 - INFO - Progress: 0/339 symbols scanned
2025-08-11 20:49:39,644 - INFO - 🔧 Enriching data for BTC/USDT
2025-08-11 20:49:40,460 - INFO - 📊 Found setup for BTC/USDT: Quality=100, R/R=1.3966850088299396
2025-08-11 20:49:41,478 - INFO - 🔧 Enriching data for SOL/USDT
2025-08-11 20:49:42,221 - INFO - 📊 Found setup for SOL/USDT: Quality=82.5, R/R=7.564104098831704
2025-08-11 20:49:42,696 - INFO - 🔧 Enriching data for XRP/USDT
2025-08-11 20:49:43,444 - INFO - 📊 Found setup for XRP/USDT: Quality=100, R/R=0.32467488354037305
2025-08-11 20:49:44,481 - INFO - 🔧 Enriching data for SUI/USDT
2025-08-11 20:49:45,512 - INFO - 📊 Found setup for SUI/USDT: Quality=100, R/R=2.5136231195238867
2025-08-11 20:49:45,512 - INFO - Progress: 10/339 symbols scanned
2025-08-11 20:49:46,116 - INFO - 🔧 Enriching data for PEPE/USDT
2025-08-11 20:49:46,862 - INFO - 📊 Found setup for PEPE/USDT: Quality=100, R/R=1.7466787439613665
2025-08-11 20:49:47,479 - INFO - 🔧 Enriching data for ADA/USDT
2025-08-11 20:49:48,218 - INFO - 📊 Found setup for ADA/USDT: Quality=99.00000000000001, R/R=9.413412506709596
2025-08-11 20:49:49,505 - INFO - Progress: 20/339 symbols scanned
2025-08-11 20:49:50,744 - INFO - 🔧 Enriching data for PENDLE/USDT
2025-08-11 20:49:51,541 - INFO - 📊 Found setup for PENDLE/USDT: Quality=100, R/R=0.10190217391304687
2025-08-11 20:49:52,198 - INFO - 🔧 Enriching data for WIF/USDT
2025-08-11 20:49:52,947 - INFO - 📊 Found setup for WIF/USDT: Quality=100, R/R=4.91973244147155
2025-08-11 20:49:53,346 - INFO - 🔧 Enriching data for TRUMP/USDT
2025-08-11 20:49:54,086 - INFO - 📊 Found setup for TRUMP/USDT: Quality=90.0, R/R=2.719882246376815
2025-08-11 20:49:54,687 - INFO - 🔧 Enriching data for AAVE/USDT
2025-08-11 20:49:55,460 - INFO - 📊 Found setup for AAVE/USDT: Quality=81.0, R/R=8.032419918925402
2025-08-11 20:49:55,460 - INFO - Progress: 30/339 symbols scanned
2025-08-11 20:49:56,480 - INFO - 🔧 Enriching data for WLD/USDT
2025-08-11 20:49:57,244 - INFO - 📊 Found setup for WLD/USDT: Quality=100.0, R/R=4.694352551984933
2025-08-11 20:49:58,248 - INFO - 🔧 Enriching data for NEAR/USDT
2025-08-11 20:49:59,031 - INFO - 📊 Found setup for NEAR/USDT: Quality=99.0, R/R=11.350271739130255
2025-08-11 20:49:59,435 - INFO - Progress: 40/339 symbols scanned
2025-08-11 20:50:00,243 - INFO - 🔧 Enriching data for PNUT/USDT
2025-08-11 20:50:01,463 - INFO - 📊 Found setup for PNUT/USDT: Quality=100, R/R=0.9592650103519628
2025-08-11 20:50:01,959 - INFO - 🔧 Enriching data for TAO/USDT
2025-08-11 20:50:02,715 - INFO - 📊 Found setup for TAO/USDT: Quality=100.0, R/R=4.0531400966183675
2025-08-11 20:50:03,139 - INFO - 🔧 Enriching data for DOT/USDT
2025-08-11 20:50:05,152 - INFO - 🔧 Enriching data for SHIB/USDT
2025-08-11 20:50:05,901 - INFO - 📊 Found setup for SHIB/USDT: Quality=100, R/R=1.672154731457801
2025-08-11 20:50:06,524 - INFO - Progress: 50/339 symbols scanned
2025-08-11 20:50:06,925 - INFO - 🔧 Enriching data for CFX/USDT
2025-08-11 20:50:08,004 - INFO - 📊 Found setup for CFX/USDT: Quality=100, R/R=0.13652832674572538
2025-08-11 20:50:09,538 - INFO - 🔧 Enriching data for FET/USDT
2025-08-11 20:50:10,338 - INFO - 📊 Found setup for FET/USDT: Quality=100.0, R/R=5.818143812709
2025-08-11 20:50:10,753 - INFO - 🔧 Enriching data for STG/USDT
2025-08-11 20:50:11,864 - INFO - 📊 Found setup for STG/USDT: Quality=100.0, R/R=16.07173913043467
2025-08-11 20:50:12,288 - INFO - Progress: 60/339 symbols scanned
2025-08-11 20:50:13,306 - INFO - 🔧 Enriching data for FIL/USDT
2025-08-11 20:50:14,082 - INFO - 📊 Found setup for FIL/USDT: Quality=100.0, R/R=4.408475948196121
2025-08-11 20:50:15,700 - INFO - Progress: 70/339 symbols scanned
2025-08-11 20:50:16,956 - INFO - 🔧 Enriching data for EIGEN/USDT
2025-08-11 20:50:17,697 - INFO - 📊 Found setup for EIGEN/USDT: Quality=100, R/R=0.458333333333331
2025-08-11 20:50:18,711 - INFO - Progress: 80/339 symbols scanned
2025-08-11 20:50:19,748 - INFO - 🔧 Enriching data for VET/USDT
2025-08-11 20:50:20,509 - INFO - 📊 Found setup for VET/USDT: Quality=90.0, R/R=4.64346227621487
2025-08-11 20:50:21,368 - INFO - 🔧 Enriching data for ACT/USDT
2025-08-11 20:50:22,201 - INFO - 📊 Found setup for ACT/USDT: Quality=95.0, R/R=1.2864906832298135
2025-08-11 20:50:22,600 - INFO - 🔧 Enriching data for MAV/USDT
2025-08-11 20:50:23,680 - INFO - 📊 Found setup for MAV/USDT: Quality=75.0, R/R=13.117697010869604
2025-08-11 20:50:24,114 - INFO - Progress: 90/339 symbols scanned
2025-08-11 20:50:24,923 - INFO - 🔧 Enriching data for WBTC/USDT
2025-08-11 20:50:25,682 - INFO - 📊 Found setup for WBTC/USDT: Quality=100, R/R=1.131007349108053
2025-08-11 20:50:26,703 - INFO - 🔧 Enriching data for HYPER/USDT
2025-08-11 20:50:27,453 - INFO - 📊 Found setup for HYPER/USDT: Quality=100, R/R=0.18481182795698242
2025-08-11 20:50:27,856 - INFO - 🔧 Enriching data for C/USDT
2025-08-11 20:50:28,605 - INFO - 📊 Found setup for C/USDT: Quality=85.0, R/R=3.02768928035981
2025-08-11 20:50:29,221 - INFO - 🔧 Enriching data for CITY/USDT
2025-08-11 20:50:29,977 - INFO - 📊 Found setup for CITY/USDT: Quality=100, R/R=0.5612212276214826
2025-08-11 20:50:29,978 - INFO - Progress: 100/339 symbols scanned
2025-08-11 20:50:31,456 - INFO - 🔧 Enriching data for ACH/USDT
2025-08-11 20:50:32,209 - INFO - 📊 Found setup for ACH/USDT: Quality=80.0, R/R=13.555778032036764
2025-08-11 20:50:33,246 - INFO - 🔧 Enriching data for INIT/USDT
2025-08-11 20:50:33,993 - INFO - 📊 Found setup for INIT/USDT: Quality=100, R/R=2.9063513951979103
2025-08-11 20:50:33,994 - INFO - Progress: 110/339 symbols scanned
2025-08-11 20:50:34,430 - INFO - 🔧 Enriching data for OMNI/USDT
2025-08-11 20:50:35,430 - INFO - 📊 Found setup for OMNI/USDT: Quality=100, R/R=0.1069373401534502
2025-08-11 20:50:35,829 - INFO - 🔧 Enriching data for 1INCH/USDT
2025-08-11 20:50:36,590 - INFO - 📊 Found setup for 1INCH/USDT: Quality=100, R/R=1.7880434782608854
2025-08-11 20:50:37,747 - INFO - 🔧 Enriching data for WCT/USDT
2025-08-11 20:50:38,527 - INFO - 📊 Found setup for WCT/USDT: Quality=100, R/R=5.301387810558999
2025-08-11 20:50:39,638 - INFO - Progress: 120/339 symbols scanned
2025-08-11 20:50:40,648 - INFO - 🔧 Enriching data for USUAL/USDT
2025-08-11 20:50:41,423 - INFO - 📊 Found setup for USUAL/USDT: Quality=100, R/R=0.6656427221172029
2025-08-11 20:50:42,234 - INFO - 🔧 Enriching data for IO/USDT
2025-08-11 20:50:42,985 - INFO - 📊 Found setup for IO/USDT: Quality=75.0, R/R=6.5319293478260905
2025-08-11 20:50:43,787 - INFO - 🔧 Enriching data for STRK/USDT
2025-08-11 20:50:44,543 - INFO - 📊 Found setup for STRK/USDT: Quality=90.0, R/R=13.058254076086948
2025-08-11 20:50:44,543 - INFO - Progress: 130/339 symbols scanned
2025-08-11 20:50:44,956 - INFO - 🔧 Enriching data for COMP/USDT
2025-08-11 20:50:45,966 - INFO - 📊 Found setup for COMP/USDT: Quality=94.5, R/R=9.096963423050441
2025-08-11 20:50:46,573 - INFO - 🔧 Enriching data for HFT/USDT
2025-08-11 20:50:47,343 - INFO - 📊 Found setup for HFT/USDT: Quality=90.0, R/R=0.8294030950626367
2025-08-11 20:50:48,551 - INFO - 🔧 Enriching data for XTZ/USDT
2025-08-11 20:50:49,312 - INFO - 📊 Found setup for XTZ/USDT: Quality=85.0, R/R=4.728404837316415
2025-08-11 20:50:49,914 - INFO - 🔧 Enriching data for ILV/USDT
2025-08-11 20:50:50,673 - INFO - 📊 Found setup for ILV/USDT: Quality=85.0, R/R=5.2800343249427435
2025-08-11 20:50:50,674 - INFO - Progress: 140/339 symbols scanned
2025-08-11 20:50:51,300 - INFO - 🔧 Enriching data for GRT/USDT
2025-08-11 20:50:52,076 - INFO - 📊 Found setup for GRT/USDT: Quality=100.0, R/R=1.8172554347826022
2025-08-11 20:50:52,669 - INFO - 🔧 Enriching data for COW/USDT
2025-08-11 20:50:53,407 - INFO - 📊 Found setup for COW/USDT: Quality=100, R/R=0.1283485062522884
2025-08-11 20:50:54,005 - INFO - 🔧 Enriching data for BERA/USDT
2025-08-11 20:50:54,760 - INFO - 📊 Found setup for BERA/USDT: Quality=100.0, R/R=6.873188405797013
2025-08-11 20:50:55,183 - INFO - 🔧 Enriching data for ALT/USDT
2025-08-11 20:50:55,942 - INFO - 📊 Found setup for ALT/USDT: Quality=100, R/R=6.411465638148736
2025-08-11 20:50:56,340 - INFO - 🔧 Enriching data for FIO/USDT
2025-08-11 20:50:57,092 - INFO - 📊 Found setup for FIO/USDT: Quality=85.0, R/R=6.93996461071787
2025-08-11 20:50:57,511 - INFO - 🔧 Enriching data for TURBO/USDT
2025-08-11 20:50:58,260 - INFO - 📊 Found setup for TURBO/USDT: Quality=85.0, R/R=10.145920639078058
2025-08-11 20:50:58,470 - INFO - Progress: 150/339 symbols scanned
2025-08-11 20:50:59,080 - INFO - 🔧 Enriching data for SIGN/USDT
2025-08-11 20:50:59,838 - INFO - 📊 Found setup for SIGN/USDT: Quality=95.0, R/R=1.1106719367589006
2025-08-11 20:51:01,116 - INFO - 🔧 Enriching data for BAR/USDT
2025-08-11 20:51:01,912 - INFO - 📊 Found setup for BAR/USDT: Quality=100, R/R=0.24788647342994752
2025-08-11 20:51:02,639 - INFO - 🔧 Enriching data for LPT/USDT
2025-08-11 20:51:03,395 - INFO - 📊 Found setup for LPT/USDT: Quality=100.0, R/R=5.442052211073968
2025-08-11 20:51:03,997 - INFO - 🔧 Enriching data for MOVR/USDT
2025-08-11 20:51:04,880 - INFO - 📊 Found setup for MOVR/USDT: Quality=100, R/R=1.0120064330080019
2025-08-11 20:51:04,880 - INFO - Progress: 160/339 symbols scanned
2025-08-11 20:51:05,911 - INFO - 🔧 Enriching data for ZEN/USDT
2025-08-11 20:51:06,659 - INFO - 📊 Found setup for ZEN/USDT: Quality=90.0, R/R=8.575000000000118
2025-08-11 20:51:07,698 - INFO - 🔧 Enriching data for BABY/USDT
2025-08-11 20:51:08,444 - INFO - 📊 Found setup for BABY/USDT: Quality=100, R/R=0.8029320423821765
2025-08-11 20:51:09,079 - INFO - 🔧 Enriching data for LAZIO/USDT
2025-08-11 20:51:09,866 - INFO - 📊 Found setup for LAZIO/USDT: Quality=95.0, R/R=4.248582230623807
2025-08-11 20:51:09,866 - INFO - Progress: 170/339 symbols scanned
2025-08-11 20:51:10,262 - INFO - 🔧 Enriching data for XAI/USDT
2025-08-11 20:51:10,998 - INFO - 📊 Found setup for XAI/USDT: Quality=100.0, R/R=6.386888586956533
2025-08-11 20:51:11,589 - INFO - 🔧 Enriching data for RVN/USDT
2025-08-11 20:51:12,340 - INFO - 📊 Found setup for RVN/USDT: Quality=85.0, R/R=7.295289855072437
2025-08-11 20:51:13,352 - INFO - 🔧 Enriching data for AXL/USDT
2025-08-11 20:51:14,094 - INFO - 📊 Found setup for AXL/USDT: Quality=100.0, R/R=2.6341132025450857
2025-08-11 20:51:14,765 - INFO - Progress: 180/339 symbols scanned
2025-08-11 20:51:15,161 - INFO - 🔧 Enriching data for ROSE/USDT
2025-08-11 20:51:16,179 - INFO - 📊 Found setup for ROSE/USDT: Quality=85.0, R/R=8.711561264822125
2025-08-11 20:51:17,095 - INFO - 🔧 Enriching data for RDNT/USDT
2025-08-11 20:51:17,881 - INFO - 📊 Found setup for RDNT/USDT: Quality=95.0, R/R=7.870093599033777
2025-08-11 20:51:18,308 - INFO - 🔧 Enriching data for JTO/USDT
2025-08-11 20:51:19,072 - INFO - 📊 Found setup for JTO/USDT: Quality=85.0, R/R=4.64504076086962
2025-08-11 20:51:19,929 - INFO - 🔧 Enriching data for MEME/USDT
2025-08-11 20:51:20,689 - INFO - 📊 Found setup for MEME/USDT: Quality=100, R/R=0.5931677018633699
2025-08-11 20:51:21,119 - INFO - 🔧 Enriching data for BNSOL/USDT
2025-08-11 20:51:21,885 - INFO - 📊 Found setup for BNSOL/USDT: Quality=90.0, R/R=8.370923913043601
2025-08-11 20:51:22,609 - INFO - Progress: 190/339 symbols scanned
2025-08-11 20:51:23,030 - INFO - 🔧 Enriching data for CETUS/USDT
2025-08-11 20:51:23,852 - INFO - 📊 Found setup for CETUS/USDT: Quality=85.0, R/R=4.8177083333333695
2025-08-11 20:51:25,366 - INFO - 🔧 Enriching data for BANANA/USDT
2025-08-11 20:51:26,146 - INFO - 📊 Found setup for BANANA/USDT: Quality=85.0, R/R=9.71814613526549
2025-08-11 20:51:26,590 - INFO - 🔧 Enriching data for KDA/USDT
2025-08-11 20:51:27,400 - INFO - 📊 Found setup for KDA/USDT: Quality=100.0, R/R=2.4186176142697757
2025-08-11 20:51:28,045 - INFO - 🔧 Enriching data for DIA/USDT
2025-08-11 20:51:28,830 - INFO - 📊 Found setup for DIA/USDT: Quality=75.0, R/R=10.270104277129757
2025-08-11 20:51:28,830 - INFO - Progress: 200/339 symbols scanned
2025-08-11 20:51:29,271 - INFO - 🔧 Enriching data for HOOK/USDT
2025-08-11 20:51:30,035 - INFO - 📊 Found setup for HOOK/USDT: Quality=100, R/R=0.19021739130434936
2025-08-11 20:51:30,444 - INFO - 🔧 Enriching data for GMT/USDT
2025-08-11 20:51:31,338 - INFO - 📊 Found setup for GMT/USDT: Quality=90.0, R/R=6.367391304347811
2025-08-11 20:51:31,991 - INFO - 🔧 Enriching data for PARTI/USDT
2025-08-11 20:51:32,746 - INFO - 📊 Found setup for PARTI/USDT: Quality=95.0, R/R=1.2600334448160484
2025-08-11 20:51:33,380 - INFO - 🔧 Enriching data for GUN/USDT
2025-08-11 20:51:34,174 - INFO - 📊 Found setup for GUN/USDT: Quality=100.0, R/R=4.245001940993852
2025-08-11 20:51:34,747 - INFO - 🔧 Enriching data for MASK/USDT
2025-08-11 20:51:35,698 - INFO - 📊 Found setup for MASK/USDT: Quality=90.0, R/R=6.59646739130433
2025-08-11 20:51:36,099 - INFO - 🔧 Enriching data for 1000CAT/USDT
2025-08-11 20:51:36,847 - INFO - 📊 Found setup for 1000CAT/USDT: Quality=100, R/R=1.1874999999999842
2025-08-11 20:51:37,242 - INFO - 🔧 Enriching data for CKB/USDT
2025-08-11 20:51:38,013 - INFO - 📊 Found setup for CKB/USDT: Quality=85.0, R/R=5.298196368848476
2025-08-11 20:51:38,222 - INFO - Progress: 210/339 symbols scanned
2025-08-11 20:51:39,182 - INFO - 🔧 Enriching data for MINA/USDT
2025-08-11 20:51:39,999 - INFO - 📊 Found setup for MINA/USDT: Quality=100.0, R/R=5.715579710144884
2025-08-11 20:51:41,231 - INFO - 🔧 Enriching data for NFP/USDT
2025-08-11 20:51:41,986 - INFO - 📊 Found setup for NFP/USDT: Quality=100.0, R/R=5.966485507246366
2025-08-11 20:51:42,408 - INFO - Progress: 220/339 symbols scanned
2025-08-11 20:51:42,843 - INFO - 🔧 Enriching data for NMR/USDT
2025-08-11 20:51:43,617 - INFO - 📊 Found setup for NMR/USDT: Quality=100, R/R=1.2424199084667982
2025-08-11 20:51:44,488 - INFO - 🔧 Enriching data for MANA/USDT
2025-08-11 20:51:45,245 - INFO - 📊 Found setup for MANA/USDT: Quality=96.0, R/R=5.028872282608788
2025-08-11 20:51:45,976 - INFO - 🔧 Enriching data for CGPT/USDT
2025-08-11 20:51:46,840 - INFO - 📊 Found setup for CGPT/USDT: Quality=100.0, R/R=5.041062801932364
2025-08-11 20:51:47,453 - INFO - 🔧 Enriching data for AXS/USDT
2025-08-11 20:51:48,192 - INFO - 📊 Found setup for AXS/USDT: Quality=96.0, R/R=5.931636155606504
2025-08-11 20:51:48,636 - INFO - 🔧 Enriching data for FIDA/USDT
2025-08-11 20:51:49,423 - INFO - 📊 Found setup for FIDA/USDT: Quality=100, R/R=4.240896739130423
2025-08-11 20:51:49,843 - INFO - 🔧 Enriching data for SUPER/USDT
2025-08-11 20:51:50,633 - INFO - 📊 Found setup for SUPER/USDT: Quality=100.0, R/R=5.973903101802788
2025-08-11 20:51:50,633 - INFO - Progress: 230/339 symbols scanned
2025-08-11 20:51:51,486 - INFO - 🔧 Enriching data for AUCTION/USDT
2025-08-11 20:51:52,247 - INFO - 📊 Found setup for AUCTION/USDT: Quality=90.0, R/R=7.720526755852858
2025-08-11 20:51:52,675 - INFO - 🔧 Enriching data for VANRY/USDT
2025-08-11 20:51:53,448 - INFO - 📊 Found setup for VANRY/USDT: Quality=85.0, R/R=3.4144021739130337
2025-08-11 20:51:54,365 - INFO - 🔧 Enriching data for 1MBABYDOGE/USDT
2025-08-11 20:51:55,137 - INFO - 📊 Found setup for 1MBABYDOGE/USDT: Quality=100, R/R=0.5958953089244841
2025-08-11 20:51:55,570 - INFO - 🔧 Enriching data for AI/USDT
2025-08-11 20:51:56,326 - INFO - 📊 Found setup for AI/USDT: Quality=85.0, R/R=5.594979296066226
2025-08-11 20:51:56,740 - INFO - 🔧 Enriching data for BICO/USDT
2025-08-11 20:51:57,502 - INFO - 📊 Found setup for BICO/USDT: Quality=100, R/R=0.7232986767485807
2025-08-11 20:51:57,714 - INFO - Progress: 240/339 symbols scanned
2025-08-11 20:51:58,782 - INFO - 🔧 Enriching data for ENJ/USDT
2025-08-11 20:52:00,728 - INFO - 🔧 Enriching data for NXPC/USDT
2025-08-11 20:52:01,535 - INFO - 📊 Found setup for NXPC/USDT: Quality=100, R/R=0.27096273291926515
2025-08-11 20:52:01,966 - INFO - 🔧 Enriching data for CELO/USDT
2025-08-11 20:52:02,735 - INFO - 📊 Found setup for CELO/USDT: Quality=100, R/R=3.7407461809635967
2025-08-11 20:52:02,952 - INFO - Progress: 250/339 symbols scanned
2025-08-11 20:52:03,379 - INFO - 🔧 Enriching data for DOGS/USDT
2025-08-11 20:52:04,153 - INFO - 📊 Found setup for DOGS/USDT: Quality=100, R/R=1.5234257871064343
2025-08-11 20:52:04,805 - INFO - 🔧 Enriching data for SYN/USDT
2025-08-11 20:52:05,603 - INFO - 📊 Found setup for SYN/USDT: Quality=100, R/R=0.2370169082125643
2025-08-11 20:52:06,015 - INFO - 🔧 Enriching data for STO/USDT
2025-08-11 20:52:06,808 - INFO - 📊 Found setup for STO/USDT: Quality=100, R/R=0.4707880434782694
2025-08-11 20:52:07,910 - INFO - 🔧 Enriching data for AEVO/USDT
2025-08-11 20:52:08,672 - INFO - 📊 Found setup for AEVO/USDT: Quality=100, R/R=4.9614470108694935
2025-08-11 20:52:09,108 - INFO - 🔧 Enriching data for PIXEL/USDT
2025-08-11 20:52:10,051 - INFO - 📊 Found setup for PIXEL/USDT: Quality=95.0, R/R=6.725901029748167
2025-08-11 20:52:10,351 - INFO - Progress: 260/339 symbols scanned
2025-08-11 20:52:11,423 - INFO - 🔧 Enriching data for VANA/USDT
2025-08-11 20:52:12,212 - INFO - 📊 Found setup for VANA/USDT: Quality=100, R/R=6.7525266971778315
2025-08-11 20:52:12,636 - INFO - 🔧 Enriching data for DYM/USDT
2025-08-11 20:52:13,404 - INFO - 📊 Found setup for DYM/USDT: Quality=100.0, R/R=5.472826086956523
2025-08-11 20:52:14,020 - INFO - 🔧 Enriching data for ANKR/USDT
2025-08-11 20:52:14,772 - INFO - 📊 Found setup for ANKR/USDT: Quality=100, R/R=0.43768115942028485
2025-08-11 20:52:15,167 - INFO - 🔧 Enriching data for LAYER/USDT
2025-08-11 20:52:15,973 - INFO - 📊 Found setup for LAYER/USDT: Quality=95.0, R/R=5.413730634682606
2025-08-11 20:52:16,397 - INFO - Progress: 270/339 symbols scanned
2025-08-11 20:52:17,074 - INFO - 🔧 Enriching data for ANIME/USDT
2025-08-11 20:52:17,829 - INFO - 📊 Found setup for ANIME/USDT: Quality=75.0, R/R=7.198493083003974
2025-08-11 20:52:18,241 - INFO - 🔧 Enriching data for ONE/USDT
2025-08-11 20:52:18,995 - INFO - 📊 Found setup for ONE/USDT: Quality=100, R/R=1.5374713958809823
2025-08-11 20:52:19,845 - INFO - 🔧 Enriching data for PYR/USDT
2025-08-11 20:52:20,643 - INFO - 📊 Found setup for PYR/USDT: Quality=100.0, R/R=4.605978260869596
2025-08-11 20:52:21,045 - INFO - 🔧 Enriching data for LRC/USDT
2025-08-11 20:52:21,818 - INFO - 📊 Found setup for LRC/USDT: Quality=100, R/R=5.308763586956577
2025-08-11 20:52:22,269 - INFO - 🔧 Enriching data for BAT/USDT
2025-08-11 20:52:23,008 - INFO - 📊 Found setup for BAT/USDT: Quality=100.0, R/R=2.769810659186546
2025-08-11 20:52:23,616 - INFO - 🔧 Enriching data for ZEC/USDT
2025-08-11 20:52:24,422 - INFO - 📊 Found setup for ZEC/USDT: Quality=100.0, R/R=3.919984284965887
2025-08-11 20:52:24,422 - INFO - Progress: 280/339 symbols scanned
2025-08-11 20:52:24,817 - INFO - 🔧 Enriching data for COTI/USDT
2025-08-11 20:52:25,586 - INFO - 📊 Found setup for COTI/USDT: Quality=100, R/R=0.49382829771554965
2025-08-11 20:52:25,987 - INFO - 🔧 Enriching data for BAKE/USDT
2025-08-11 20:52:26,734 - INFO - 📊 Found setup for BAKE/USDT: Quality=90.0, R/R=4.883831521739137
2025-08-11 20:52:27,402 - INFO - 🔧 Enriching data for PHB/USDT
2025-08-11 20:52:28,157 - INFO - 📊 Found setup for PHB/USDT: Quality=100.0, R/R=2.7725883152173854
2025-08-11 20:52:28,561 - INFO - 🔧 Enriching data for LUNA/USDT
2025-08-11 20:52:29,297 - INFO - 📊 Found setup for LUNA/USDT: Quality=75.0, R/R=5.29683503836312
2025-08-11 20:52:29,701 - INFO - 🔧 Enriching data for KMNO/USDT
2025-08-11 20:52:30,495 - INFO - 📊 Found setup for KMNO/USDT: Quality=85.0, R/R=2.701109414301124
2025-08-11 20:52:31,069 - INFO - 🔧 Enriching data for ZRX/USDT
2025-08-11 20:52:31,826 - INFO - 📊 Found setup for ZRX/USDT: Quality=90.0, R/R=6.02820211515854
2025-08-11 20:52:32,644 - INFO - 🔧 Enriching data for KNC/USDT
2025-08-11 20:52:33,433 - INFO - 📊 Found setup for KNC/USDT: Quality=85.0, R/R=1.9025178866263013
2025-08-11 20:52:33,826 - INFO - 🔧 Enriching data for EGLD/USDT
2025-08-11 20:52:34,577 - INFO - 📊 Found setup for EGLD/USDT: Quality=75.0, R/R=7.5723062381852255
2025-08-11 20:52:34,578 - INFO - Progress: 290/339 symbols scanned
2025-08-11 20:52:35,968 - INFO - 🔧 Enriching data for ME/USDT
2025-08-11 20:52:36,739 - INFO - 📊 Found setup for ME/USDT: Quality=95.0, R/R=4.240149456521743
2025-08-11 20:52:37,558 - INFO - 🔧 Enriching data for SNX/USDT
2025-08-11 20:52:38,986 - INFO - Progress: 300/339 symbols scanned
2025-08-11 20:52:40,638 - INFO - 🔧 Enriching data for ZIL/USDT
2025-08-11 20:52:41,379 - INFO - 📊 Found setup for ZIL/USDT: Quality=100, R/R=1.6233016304347718
2025-08-11 20:52:41,983 - INFO - 🔧 Enriching data for API3/USDT
2025-08-11 20:52:42,721 - INFO - 📊 Found setup for API3/USDT: Quality=75.0, R/R=10.253057065217389
2025-08-11 20:52:43,118 - INFO - 🔧 Enriching data for UMA/USDT
2025-08-11 20:52:43,864 - INFO - 📊 Found setup for UMA/USDT: Quality=85.0, R/R=5.822628458497944
2025-08-11 20:52:43,864 - INFO - Progress: 310/339 symbols scanned
2025-08-11 20:52:44,679 - INFO - 🔧 Enriching data for NIL/USDT
2025-08-11 20:52:45,534 - INFO - 📊 Found setup for NIL/USDT: Quality=85.0, R/R=4.89463080959519
2025-08-11 20:52:46,167 - INFO - 🔧 Enriching data for SKL/USDT
2025-08-11 20:52:46,976 - INFO - 📊 Found setup for SKL/USDT: Quality=100.0, R/R=3.7617368177613324
2025-08-11 20:52:47,570 - INFO - 🔧 Enriching data for FLOW/USDT
2025-08-11 20:52:48,706 - INFO - 🔧 Enriching data for HOT/USDT
2025-08-11 20:52:49,450 - INFO - 📊 Found setup for HOT/USDT: Quality=100, R/R=1.6665969899665616
2025-08-11 20:52:50,059 - INFO - 🔧 Enriching data for BIGTIME/USDT
2025-08-11 20:52:50,803 - INFO - 📊 Found setup for BIGTIME/USDT: Quality=90.0, R/R=4.666656010230147
2025-08-11 20:52:50,803 - INFO - Progress: 320/339 symbols scanned
2025-08-11 20:52:51,418 - INFO - 🔧 Enriching data for TNSR/USDT
2025-08-11 20:52:52,167 - INFO - 📊 Found setup for TNSR/USDT: Quality=90.0, R/R=6.38958810068651
2025-08-11 20:52:52,566 - INFO - 🔧 Enriching data for HMSTR/USDT
2025-08-11 20:52:53,299 - INFO - 📊 Found setup for HMSTR/USDT: Quality=100, R/R=1.3754180602006785
2025-08-11 20:52:53,899 - INFO - 🔧 Enriching data for GPS/USDT
2025-08-11 20:52:54,720 - INFO - 📊 Found setup for GPS/USDT: Quality=100, R/R=0.6951581027667897
2025-08-11 20:52:55,313 - INFO - 🔧 Enriching data for ADX/USDT
2025-08-11 20:52:56,058 - INFO - 📊 Found setup for ADX/USDT: Quality=100, R/R=1.9665331807780126
2025-08-11 20:52:56,664 - INFO - Progress: 330/339 symbols scanned
2025-08-11 20:52:57,268 - INFO - 🔧 Enriching data for ACE/USDT
2025-08-11 20:52:58,007 - INFO - 📊 Found setup for ACE/USDT: Quality=85.0, R/R=7.486660079051274
2025-08-11 20:52:59,040 - INFO - 🔧 Enriching data for CHR/USDT
2025-08-11 20:52:59,786 - INFO - 📊 Found setup for CHR/USDT: Quality=75.0, R/R=8.253849637681151
2025-08-11 20:53:00,630 - INFO - 🔧 Enriching data for GLMR/USDT
2025-08-11 20:53:01,382 - INFO - 📊 Found setup for GLMR/USDT: Quality=75.0, R/R=6.182065217391364
2025-08-11 20:53:01,382 - INFO - Found 124 setups, showing top 20
2025-08-11 20:53:01,382 - INFO - 
🔴 SHORT Signal: STG/USDT
━━━━━━━━━━━━━━━━━━━━━━━━

📊 FVG ZONE:
- Gap High: $0.1913
- Gap Low: $0.1883
- Entry (Midpoint): $0.1898

📈 MARKET STRUCTURE:
- Swing High: $0.1563
- Swing Low: $0.1615
- Swing Range: 3.2%

💹 CURRENT STATUS:
- Price Now: $0.1876
- Distance to Entry: 1.2%
- Action: Wait for rally to entry

🛑 RISK MANAGEMENT:
- Stop Loss: $0.1920 (-1.2%)
- Risk/Reward: 16.1:1

🎯 SMART FIBONACCI TARGETS:
- T1: $0.1543 (+18.7%) [23.6%] - Exit 50%
- T2: $0.1537 (+19.0%) [23.6%] - Exit 30%
- T3: $0.1522 (+19.8%) [23.6%] - Exit 20%

📈 SETUP QUALITY:
- FVG Score: 100/100
- Fib Confluence: 0/100
- Final Score: 100/100
- Gap Size: 1.6%
- FVG Age: 0 bars
- Volume Surge: Yes ✅
- Category: Others

💡 Strategy: R21 FVG + Smart Fibonacci
⏰ Time: 2025-08-11 20:50

2025-08-11 20:53:01,382 - INFO - 
🔴 SHORT Signal: BERA/USDT
━━━━━━━━━━━━━━━━━━━━━━━━

📊 FVG ZONE:
- Gap High: $2.0590
- Gap Low: $2.0260
- Entry (Midpoint): $2.0425

📈 MARKET STRUCTURE:
- Swing High: $1.9130
- Swing Low: $1.8150
- Swing Range: 5.4%

💹 CURRENT STATUS:
- Price Now: $2.0120
- Distance to Entry: 1.5%
- Action: Wait for rally to entry

🛑 RISK MANAGEMENT:
- Stop Loss: $2.0668 (-1.2%)
- Risk/Reward: 6.9:1

🎯 SMART FIBONACCI TARGETS:
- T1: $1.8756 (+8.2%) [38.2%] - Exit 50%
- T2: $1.8640 (+8.7%) [50%] - Exit 30%
- T3: $1.8360 (+10.1%) [78.6%] - Exit 20%

📈 SETUP QUALITY:
- FVG Score: 100/100
- Fib Confluence: 0/100
- Final Score: 100/100
- Gap Size: 1.6%
- FVG Age: 1 bars
- Volume Surge: Yes ✅
- Category: Others

💡 Strategy: R21 FVG + Smart Fibonacci
⏰ Time: 2025-08-11 20:50

2025-08-11 20:53:01,382 - INFO - 
🔴 SHORT Signal: VANA/USDT
━━━━━━━━━━━━━━━━━━━━━━━━

📊 FVG ZONE:
- Gap High: $4.5070
- Gap Low: $4.4500
- Entry (Midpoint): $4.4785

📈 MARKET STRUCTURE:
- Swing High: $4.2720
- Swing Low: $4.4730
- Swing Range: 4.5%

💹 CURRENT STATUS:
- Price Now: $4.4520
- Distance to Entry: 0.6%
- Action: Enter SHORT now (at FVG midpoint)

🛑 RISK MANAGEMENT:
- Stop Loss: $4.5205 (-0.9%)
- Risk/Reward: 6.8:1

🎯 SMART FIBONACCI TARGETS:
- T1: $4.1952 (+6.3%) [23.6%] - Exit 50%
- T2: $4.1715 (+6.9%) [23.6%] - Exit 30%
- T3: $4.1140 (+8.1%) [23.6%] - Exit 20%

📈 SETUP QUALITY:
- FVG Score: 90/100
- Fib Confluence: 20/100
- Final Score: 100/100
- Gap Size: 1.3%
- FVG Age: 1 bars
- Volume Surge: Yes ✅
- Category: Others

💡 Strategy: R21 FVG + Smart Fibonacci
⏰ Time: 2025-08-11 20:52

2025-08-11 20:53:01,382 - INFO - 
🔴 SHORT Signal: ALT/USDT
━━━━━━━━━━━━━━━━━━━━━━━━

📊 FVG ZONE:
- Gap High: $0.0368
- Gap Low: $0.0362
- Entry (Midpoint): $0.0365

📈 MARKET STRUCTURE:
- Swing High: $0.0345
- Swing Low: $0.0367
- Swing Range: 6.1%

💹 CURRENT STATUS:
- Price Now: $0.0362
- Distance to Entry: 0.8%
- Action: Enter SHORT now (at FVG midpoint)

🛑 RISK MANAGEMENT:
- Stop Loss: $0.0370 (-1.2%)
- Risk/Reward: 6.4:1

🎯 SMART FIBONACCI TARGETS:
- T1: $0.0336 (+8.0%) [23.6%] - Exit 50%
- T2: $0.0333 (+8.7%) [23.6%] - Exit 30%
- T3: $0.0327 (+10.5%) [23.6%] - Exit 20%

📈 SETUP QUALITY:
- FVG Score: 85/100
- Fib Confluence: 20/100
- Final Score: 100/100
- Gap Size: 1.7%
- FVG Age: 1 bars
- Volume Surge: Yes ✅
- Category: Others

💡 Strategy: R21 FVG + Smart Fibonacci
⏰ Time: 2025-08-11 20:50

2025-08-11 20:53:01,383 - INFO - 
🔴 SHORT Signal: XAI/USDT
━━━━━━━━━━━━━━━━━━━━━━━━

📊 FVG ZONE:
- Gap High: $0.0539
- Gap Low: $0.0531
- Entry (Midpoint): $0.0535

📈 MARKET STRUCTURE:
- Swing High: $0.0510
- Swing Low: $0.0477
- Swing Range: 6.9%

💹 CURRENT STATUS:
- Price Now: $0.0531
- Distance to Entry: 0.8%
- Action: Enter SHORT now (at FVG midpoint)

🛑 RISK MANAGEMENT:
- Stop Loss: $0.0541 (-1.1%)
- Risk/Reward: 6.4:1

🎯 SMART FIBONACCI TARGETS:
- T1: $0.0497 (+7.0%) [38.2%] - Exit 50%
- T2: $0.0493 (+7.8%) [50%] - Exit 30%
- T3: $0.0484 (+9.5%) [78.6%] - Exit 20%

📈 SETUP QUALITY:
- FVG Score: 100/100
- Fib Confluence: 0/100
- Final Score: 100/100
- Gap Size: 1.5%
- FVG Age: 1 bars
- Volume Surge: Yes ✅
- Category: Others

💡 Strategy: R21 FVG + Smart Fibonacci
⏰ Time: 2025-08-11 20:51

2025-08-11 20:53:01,383 - INFO - 
🔴 SHORT Signal: SUPER/USDT
━━━━━━━━━━━━━━━━━━━━━━━━

📊 FVG ZONE:
- Gap High: $0.7887
- Gap Low: $0.7723
- Entry (Midpoint): $0.7805

📈 MARKET STRUCTURE:
- Swing High: $0.7163
- Swing Low: $0.6956
- Swing Range: 3.0%

💹 CURRENT STATUS:
- Price Now: $0.7685
- Distance to Entry: 1.6%
- Action: Wait for rally to entry

🛑 RISK MANAGEMENT:
- Stop Loss: $0.7926 (-1.5%)
- Risk/Reward: 6.0:1

🎯 SMART FIBONACCI TARGETS:
- T1: $0.7084 (+9.2%) [38.2%] - Exit 50%
- T2: $0.7060 (+9.6%) [50%] - Exit 30%
- T3: $0.7000 (+10.3%) [78.6%] - Exit 20%

📈 SETUP QUALITY:
- FVG Score: 100/100
- Fib Confluence: 0/100
- Final Score: 100/100
- Gap Size: 2.1%
- FVG Age: 1 bars
- Volume Surge: Yes ✅
- Category: Others

💡 Strategy: R21 FVG + Smart Fibonacci
⏰ Time: 2025-08-11 20:51

2025-08-11 20:53:01,383 - INFO - 
🔴 SHORT Signal: NFP/USDT
━━━━━━━━━━━━━━━━━━━━━━━━

📊 FVG ZONE:
- Gap High: $0.0749
- Gap Low: $0.0731
- Entry (Midpoint): $0.0740

📈 MARKET STRUCTURE:
- Swing High: $0.0677
- Swing Low: $0.0635
- Swing Range: 6.6%

💹 CURRENT STATUS:
- Price Now: $0.0732
- Distance to Entry: 1.1%
- Action: Wait for rally to entry

🛑 RISK MANAGEMENT:
- Stop Loss: $0.0753 (-1.8%)
- Risk/Reward: 6.0:1

🎯 SMART FIBONACCI TARGETS:
- T1: $0.0661 (+10.7%) [38.2%] - Exit 50%
- T2: $0.0656 (+11.4%) [50%] - Exit 30%
- T3: $0.0644 (+13.0%) [78.6%] - Exit 20%

📈 SETUP QUALITY:
- FVG Score: 100/100
- Fib Confluence: 0/100
- Final Score: 100/100
- Gap Size: 2.5%
- FVG Age: 1 bars
- Volume Surge: Yes ✅
- Category: Others

💡 Strategy: R21 FVG + Smart Fibonacci
⏰ Time: 2025-08-11 20:51

2025-08-11 20:53:01,383 - INFO - 
🔴 SHORT Signal: FET/USDT
━━━━━━━━━━━━━━━━━━━━━━━━

📊 FVG ZONE:
- Gap High: $0.7230
- Gap Low: $0.7100
- Entry (Midpoint): $0.7165

📈 MARKET STRUCTURE:
- Swing High: $0.6700
- Swing Low: $0.6940
- Swing Range: 3.5%

💹 CURRENT STATUS:
- Price Now: $0.7100
- Distance to Entry: 0.9%
- Action: Enter SHORT now (at FVG midpoint)

🛑 RISK MANAGEMENT:
- Stop Loss: $0.7261 (-1.3%)
- Risk/Reward: 5.8:1

🎯 SMART FIBONACCI TARGETS:
- T1: $0.6608 (+7.8%) [23.6%] - Exit 50%
- T2: $0.6580 (+8.2%) [23.6%] - Exit 30%
- T3: $0.6511 (+9.1%) [23.6%] - Exit 20%

📈 SETUP QUALITY:
- FVG Score: 100/100
- Fib Confluence: 0/100
- Final Score: 100/100
- Gap Size: 1.8%
- FVG Age: 1 bars
- Volume Surge: Yes ✅
- Category: Others

💡 Strategy: R21 FVG + Smart Fibonacci
⏰ Time: 2025-08-11 20:50

2025-08-11 20:53:01,383 - INFO - 
🔴 SHORT Signal: MINA/USDT
━━━━━━━━━━━━━━━━━━━━━━━━

📊 FVG ZONE:
- Gap High: $0.1989
- Gap Low: $0.1959
- Entry (Midpoint): $0.1974

📈 MARKET STRUCTURE:
- Swing High: $0.1886
- Swing Low: $0.1786
- Swing Range: 5.6%

💹 CURRENT STATUS:
- Price Now: $0.1950
- Distance to Entry: 1.2%
- Action: Wait for rally to entry

🛑 RISK MANAGEMENT:
- Stop Loss: $0.1996 (-1.1%)
- Risk/Reward: 5.7:1

🎯 SMART FIBONACCI TARGETS:
- T1: $0.1848 (+6.4%) [38.2%] - Exit 50%
- T2: $0.1836 (+7.0%) [50%] - Exit 30%
- T3: $0.1807 (+8.4%) [78.6%] - Exit 20%

📈 SETUP QUALITY:
- FVG Score: 100/100
- Fib Confluence: 0/100
- Final Score: 100/100
- Gap Size: 1.5%
- FVG Age: 1 bars
- Volume Surge: Yes ✅
- Category: Others

💡 Strategy: R21 FVG + Smart Fibonacci
⏰ Time: 2025-08-11 20:51

2025-08-11 20:53:01,383 - INFO - 
🔴 SHORT Signal: DYM/USDT
━━━━━━━━━━━━━━━━━━━━━━━━

📊 FVG ZONE:
- Gap High: $0.2690
- Gap Low: $0.2650
- Entry (Midpoint): $0.2670

📈 MARKET STRUCTURE:
- Swing High: $0.2570
- Swing Low: $0.2410
- Swing Range: 6.6%

💹 CURRENT STATUS:
- Price Now: $0.2640
- Distance to Entry: 1.1%
- Action: Wait for rally to entry

🛑 RISK MANAGEMENT:
- Stop Loss: $0.2699 (-1.1%)
- Risk/Reward: 5.5:1

🎯 SMART FIBONACCI TARGETS:
- T1: $0.2509 (+6.0%) [38.2%] - Exit 50%
- T2: $0.2490 (+6.7%) [50%] - Exit 30%
- T3: $0.2444 (+8.5%) [78.6%] - Exit 20%

📈 SETUP QUALITY:
- FVG Score: 100/100
- Fib Confluence: 0/100
- Final Score: 100/100
- Gap Size: 1.5%
- FVG Age: 1 bars
- Volume Surge: Yes ✅
- Category: Others

💡 Strategy: R21 FVG + Smart Fibonacci
⏰ Time: 2025-08-11 20:52

2025-08-11 20:53:01,383 - INFO - 
🔴 SHORT Signal: LPT/USDT
━━━━━━━━━━━━━━━━━━━━━━━━

📊 FVG ZONE:
- Gap High: $6.8760
- Gap Low: $6.7590
- Entry (Midpoint): $6.8175

📈 MARKET STRUCTURE:
- Swing High: $6.4990
- Swing Low: $6.1060
- Swing Range: 6.4%

💹 CURRENT STATUS:
- Price Now: $6.7700
- Distance to Entry: 0.7%
- Action: Enter SHORT now (at FVG midpoint)

🛑 RISK MANAGEMENT:
- Stop Loss: $6.9036 (-1.3%)
- Risk/Reward: 5.4:1

🎯 SMART FIBONACCI TARGETS:
- T1: $6.3489 (+6.9%) [38.2%] - Exit 50%
- T2: $6.3025 (+7.6%) [50%] - Exit 30%
- T3: $6.1901 (+9.2%) [78.6%] - Exit 20%

📈 SETUP QUALITY:
- FVG Score: 100/100
- Fib Confluence: 0/100
- Final Score: 100/100
- Gap Size: 1.7%
- FVG Age: 1 bars
- Volume Surge: Yes ✅
- Category: Others

💡 Strategy: R21 FVG + Smart Fibonacci
⏰ Time: 2025-08-11 20:51

2025-08-11 20:53:01,383 - INFO - 
🔴 SHORT Signal: LRC/USDT
━━━━━━━━━━━━━━━━━━━━━━━━

📊 FVG ZONE:
- Gap High: $0.0900
- Gap Low: $0.0884
- Entry (Midpoint): $0.0892

📈 MARKET STRUCTURE:
- Swing High: $0.0844
- Swing Low: $0.0806
- Swing Range: 4.7%

💹 CURRENT STATUS:
- Price Now: $0.0880
- Distance to Entry: 1.4%
- Action: Wait for rally to entry

🛑 RISK MANAGEMENT:
- Stop Loss: $0.0904 (-1.3%)
- Risk/Reward: 5.3:1

🎯 SMART FIBONACCI TARGETS:
- T1: $0.0829 (+7.0%) [38.2%] - Exit 50%
- T2: $0.0825 (+7.5%) [50%] - Exit 30%
- T3: $0.0814 (+8.7%) [78.6%] - Exit 20%

📈 SETUP QUALITY:
- FVG Score: 100/100
- Fib Confluence: 0/100
- Final Score: 100/100
- Gap Size: 1.8%
- FVG Age: 1 bars
- Volume Surge: Yes ✅
- Category: Layer 2/Scaling

💡 Strategy: R21 FVG + Smart Fibonacci
⏰ Time: 2025-08-11 20:52

2025-08-11 20:53:01,383 - INFO - 
🔴 SHORT Signal: WCT/USDT
━━━━━━━━━━━━━━━━━━━━━━━━

📊 FVG ZONE:
- Gap High: $0.3297
- Gap Low: $0.3241
- Entry (Midpoint): $0.3269

📈 MARKET STRUCTURE:
- Swing High: $0.3112
- Swing Low: $0.3273
- Swing Range: 4.9%

💹 CURRENT STATUS:
- Price Now: $0.3230
- Distance to Entry: 1.2%
- Action: Wait for rally to entry

🛑 RISK MANAGEMENT:
- Stop Loss: $0.3310 (-1.3%)
- Risk/Reward: 5.3:1

🎯 SMART FIBONACCI TARGETS:
- T1: $0.3050 (+6.7%) [23.6%] - Exit 50%
- T2: $0.3031 (+7.3%) [23.6%] - Exit 30%
- T3: $0.2985 (+8.7%) [23.6%] - Exit 20%

📈 SETUP QUALITY:
- FVG Score: 85/100
- Fib Confluence: 20/100
- Final Score: 100/100
- Gap Size: 1.7%
- FVG Age: 1 bars
- Volume Surge: Yes ✅
- Category: Others

💡 Strategy: R21 FVG + Smart Fibonacci
⏰ Time: 2025-08-11 20:50

2025-08-11 20:53:01,383 - INFO - 
🔴 SHORT Signal: CGPT/USDT
━━━━━━━━━━━━━━━━━━━━━━━━

📊 FVG ZONE:
- Gap High: $0.1031
- Gap Low: $0.1013
- Entry (Midpoint): $0.1022

📈 MARKET STRUCTURE:
- Swing High: $0.0998
- Swing Low: $0.0886
- Swing Range: 12.6%

💹 CURRENT STATUS:
- Price Now: $0.1011
- Distance to Entry: 1.1%
- Action: Wait for rally to entry

🛑 RISK MANAGEMENT:
- Stop Loss: $0.1035 (-1.3%)
- Risk/Reward: 5.0:1

🎯 SMART FIBONACCI TARGETS:
- T1: $0.0955 (+6.5%) [38.2%] - Exit 50%
- T2: $0.0942 (+7.8%) [50%] - Exit 30%
- T3: $0.0910 (+11.0%) [78.6%] - Exit 20%

📈 SETUP QUALITY:
- FVG Score: 100/100
- Fib Confluence: 0/100
- Final Score: 100/100
- Gap Size: 1.8%
- FVG Age: 1 bars
- Volume Surge: Yes ✅
- Category: Others

💡 Strategy: R21 FVG + Smart Fibonacci
⏰ Time: 2025-08-11 20:51

2025-08-11 20:53:01,383 - INFO - 
🔴 SHORT Signal: AEVO/USDT
━━━━━━━━━━━━━━━━━━━━━━━━

📊 FVG ZONE:
- Gap High: $0.1014
- Gap Low: $0.0998
- Entry (Midpoint): $0.1006

📈 MARKET STRUCTURE:
- Swing High: $0.0964
- Swing Low: $0.1007
- Swing Range: 4.3%

💹 CURRENT STATUS:
- Price Now: $0.0993
- Distance to Entry: 1.3%
- Action: Wait for rally to entry

🛑 RISK MANAGEMENT:
- Stop Loss: $0.1018 (-1.2%)
- Risk/Reward: 5.0:1

🎯 SMART FIBONACCI TARGETS:
- T1: $0.0948 (+5.8%) [23.6%] - Exit 50%
- T2: $0.0943 (+6.3%) [23.6%] - Exit 30%
- T3: $0.0930 (+7.5%) [23.6%] - Exit 20%

📈 SETUP QUALITY:
- FVG Score: 100/100
- Fib Confluence: 20/100
- Final Score: 100/100
- Gap Size: 1.6%
- FVG Age: 1 bars
- Volume Surge: Yes ✅
- Category: Others

💡 Strategy: R21 FVG + Smart Fibonacci
⏰ Time: 2025-08-11 20:52

2025-08-11 20:53:01,383 - INFO - 
🔴 SHORT Signal: WIF/USDT
━━━━━━━━━━━━━━━━━━━━━━━━

📊 FVG ZONE:
- Gap High: $0.9750
- Gap Low: $0.9620
- Entry (Midpoint): $0.9685

📈 MARKET STRUCTURE:
- Swing High: $0.9390
- Swing Low: $0.8930
- Swing Range: 5.2%

💹 CURRENT STATUS:
- Price Now: $0.9530
- Distance to Entry: 1.6%
- Action: Wait for rally to entry

🛑 RISK MANAGEMENT:
- Stop Loss: $0.9781 (-1.0%)
- Risk/Reward: 4.9:1

🎯 SMART FIBONACCI TARGETS:
- T1: $0.9214 (+4.9%) [38.2%] - Exit 50%
- T2: $0.9160 (+5.4%) [50%] - Exit 30%
- T3: $0.9028 (+6.8%) [78.6%] - Exit 20%

📈 SETUP QUALITY:
- FVG Score: 90/100
- Fib Confluence: 0/100
- Final Score: 100/100
- Gap Size: 1.4%
- FVG Age: 1 bars
- Volume Surge: Yes ✅
- Category: Meme/Community

💡 Strategy: R21 FVG + Smart Fibonacci
⏰ Time: 2025-08-11 20:49

2025-08-11 20:53:01,383 - INFO - 
🔴 SHORT Signal: WLD/USDT
━━━━━━━━━━━━━━━━━━━━━━━━

📊 FVG ZONE:
- Gap High: $1.0650
- Gap Low: $1.0420
- Entry (Midpoint): $1.0535

📈 MARKET STRUCTURE:
- Swing High: $0.9790
- Swing Low: $0.9660
- Swing Range: 1.3%

💹 CURRENT STATUS:
- Price Now: $1.0350
- Distance to Entry: 1.8%
- Action: Wait for rally to entry

🛑 RISK MANAGEMENT:
- Stop Loss: $1.0704 (-1.6%)
- Risk/Reward: 4.7:1

🎯 SMART FIBONACCI TARGETS:
- T1: $0.9740 (+7.5%) [38.2%] - Exit 50%
- T2: $0.9725 (+7.7%) [50%] - Exit 30%
- T3: $0.9688 (+8.0%) [78.6%] - Exit 20%

📈 SETUP QUALITY:
- FVG Score: 100/100
- Fib Confluence: 0/100
- Final Score: 100/100
- Gap Size: 2.2%
- FVG Age: 1 bars
- Volume Surge: Yes ✅
- Category: Others

💡 Strategy: R21 FVG + Smart Fibonacci
⏰ Time: 2025-08-11 20:49

2025-08-11 20:53:01,383 - INFO - 
🔴 SHORT Signal: PYR/USDT
━━━━━━━━━━━━━━━━━━━━━━━━

📊 FVG ZONE:
- Gap High: $1.1740
- Gap Low: $1.1650
- Entry (Midpoint): $1.1695

📈 MARKET STRUCTURE:
- Swing High: $1.1600
- Swing Low: $1.1050
- Swing Range: 5.0%

💹 CURRENT STATUS:
- Price Now: $1.1590
- Distance to Entry: 0.9%
- Action: Enter SHORT now (at FVG midpoint)

🛑 RISK MANAGEMENT:
- Stop Loss: $1.1761 (-0.6%)
- Risk/Reward: 4.6:1

🎯 SMART FIBONACCI TARGETS:
- T1: $1.1390 (+2.6%) [38.2%] - Exit 50%
- T2: $1.1325 (+3.2%) [50%] - Exit 30%
- T3: $1.1168 (+4.5%) [78.6%] - Exit 20%

📈 SETUP QUALITY:
- FVG Score: 80/100
- Fib Confluence: 20/100
- Final Score: 100/100
- Gap Size: 0.8%
- FVG Age: 1 bars
- Volume Surge: Yes ✅
- Category: Others

💡 Strategy: R21 FVG + Smart Fibonacci
⏰ Time: 2025-08-11 20:52

2025-08-11 20:53:01,383 - INFO - 
🔴 SHORT Signal: FIL/USDT
━━━━━━━━━━━━━━━━━━━━━━━━

📊 FVG ZONE:
- Gap High: $2.5980
- Gap Low: $2.5510
- Entry (Midpoint): $2.5745

📈 MARKET STRUCTURE:
- Swing High: $2.4560
- Swing Low: $2.3670
- Swing Range: 3.8%

💹 CURRENT STATUS:
- Price Now: $2.5530
- Distance to Entry: 0.8%
- Action: Enter SHORT now (at FVG midpoint)

🛑 RISK MANAGEMENT:
- Stop Loss: $2.6091 (-1.3%)
- Risk/Reward: 4.4:1

🎯 SMART FIBONACCI TARGETS:
- T1: $2.4220 (+5.9%) [38.2%] - Exit 50%
- T2: $2.4115 (+6.3%) [50%] - Exit 30%
- T3: $2.3860 (+7.3%) [78.6%] - Exit 20%

📈 SETUP QUALITY:
- FVG Score: 100/100
- Fib Confluence: 0/100
- Final Score: 100/100
- Gap Size: 1.8%
- FVG Age: 1 bars
- Volume Surge: Yes ✅
- Category: Infrastructure

💡 Strategy: R21 FVG + Smart Fibonacci
⏰ Time: 2025-08-11 20:50

2025-08-11 20:53:01,383 - INFO - 
🔴 SHORT Signal: GUN/USDT
━━━━━━━━━━━━━━━━━━━━━━━━

📊 FVG ZONE:
- Gap High: $0.0318
- Gap Low: $0.0312
- Entry (Midpoint): $0.0315

📈 MARKET STRUCTURE:
- Swing High: $0.0305
- Swing Low: $0.0286
- Swing Range: 6.7%

💹 CURRENT STATUS:
- Price Now: $0.0310
- Distance to Entry: 1.7%
- Action: Wait for rally to entry

🛑 RISK MANAGEMENT:
- Stop Loss: $0.0319 (-1.3%)
- Risk/Reward: 4.2:1

🎯 SMART FIBONACCI TARGETS:
- T1: $0.0297 (+5.6%) [38.2%] - Exit 50%
- T2: $0.0295 (+6.3%) [50%] - Exit 30%
- T3: $0.0290 (+8.0%) [78.6%] - Exit 20%

📈 SETUP QUALITY:
- FVG Score: 100/100
- Fib Confluence: 0/100
- Final Score: 100/100
- Gap Size: 1.8%
- FVG Age: 1 bars
- Volume Surge: Yes ✅
- Category: Others

💡 Strategy: R21 FVG + Smart Fibonacci
⏰ Time: 2025-08-11 20:51

2025-08-11 20:53:01,383 - INFO - Scan complete. Found 124 high-quality setups, displayed 20
2025-08-11 20:53:01,383 - INFO - Performance Stats: {'total_scans': 6, 'setups_found': 124, 'alerts_sent': 240}
2025-08-11 20:53:01,383 - INFO - Next scan in 900 seconds...
